specialty,phenotypes,atom_id,atom_name,configured_icd_count,warehouse_present_configured_icd_count,configured_icd_codes,warehouse_present_configured_icd_codes,supplied_list_candidate_count,supplied_list_candidate_codes,outside_list_candidate_count,outside_list_candidate_codes,claims_coverage_status
CARDIOLOGY,AL | ATTRV,dizziness,Dizziness / lightheadedness,0,0,,,0,,1,R42,NO_CONFIGURED_ICD_WITH_REVIEW_CANDIDATES
CARDIOLOGY,AL | ATTRV,syncope,Syncope / presyncope,0,0,,,0,,189,R55 | S06.0X0A | S06.0X0D | S06.0X0S | S06.0X1A | S06.0X1D | S06.0X1S | S06.0X9A | S06.0X9D | S06.0X9S | S06.0XAA | S06.0XAD | S06.0XAS | S06.1X6A | S06.1X6D | S06.1XAA | S06.2X0A | S06.2X0D | S06.2X1A | S06.2X1D | S06.2X3A | S06.2X4D | S06.2X5D | S06.2X5S | S06.2X6A | S06.2X6D | S06.2X6S | S06.2X9A | S06.2X9D | S06.2X9S | S06.2XAA | S06.2XAD | S06.2XAS | S06.300A | S06.300D | S06.301A | S06.301D | S06.302A | S06.303A | S06.309A | S06.309D | S06.309S | S06.30AA | S06.30AD | S06.310A | S06.310D | S06.311A | S06.314A | S06.319A | S06.319D | S06.31AA | S06.31AD | S06.320A | S06.320D | S06.321A | S06.329A | S06.329D | S06.329S | S06.32AA | S06.32AD | S06.330A | S06.330D | S06.330S | S06.331A | S06.333A | S06.334A | S06.335A | S06.335S | S06.337A | S06.339A | S06.339D | S06.339S | S06.33AA | S06.33AD | S06.33AS | S06.340A | S06.340D | S06.341A | S06.341D | S06.344A | S06.347A | S06.349A | S06.349D | S06.34AA | S06.34AD | S06.350A | S06.350D | S06.350S | S06.351A | S06.353A | S06.359A | S06.359D | S06.359S | S06.35AA | S06.35AD | S06.360A | S06.360D | S06.361A | S06.361D | S06.363A | S06.363D | S06.365S | S06.367A | S06.368A | S06.369A | S06.369D | S06.369S | S06.36AA | S06.36AD | S06.370A | S06.37AA | S06.37AD | S06.380A | S06.380D | S06.4X0A | S06.4X0D | S06.4X1A | S06.4X2A | S06.4X9A | S06.4X9D | S06.4X9S | S06.4XAA | S06.4XAD | S06.5X0A | S06.5X0D | S06.5X0S | S06.5X1A | S06.5X1D | S06.5X1S | S06.5X2D | S06.5X3A | S06.5X5A | S06.5X5S | S06.5X6A | S06.5X6D | S06.5X9A | S06.5X9D | S06.5X9S | S06.5XAA | S06.5XAD | S06.5XAS | S06.6X0A | S06.6X0D | S06.6X0S | S06.6X1A | S06.6X1D | S06.6X2S | S06.6X3A | S06.6X9A | S06.6X9D | S06.6X9S | S06.6XAA | S06.6XAD | S06.890A | S06.895A | S06.895D | S06.895S | S06.899A | S06.899D | S06.89AA | S06.89AD | S06.9X0A | S06.9X0D | S06.9X0S | S06.9X1A | S06.9X1D | S06.9X1S | S06.9X2A | S06.9X2D | S06.9X2S | S06.9X3A | S06.9X3D | S06.9X3S | S06.9X4A | S06.9X4D | S06.9X4S | S06.9X5A | S06.9X5D | S06.9X5S | S06.9X6A | S06.9X6D | S06.9X6S | S06.9X7A | S06.9X9A | S06.9X9D | S06.9X9S | S06.9XAA | S06.9XAD | S06.9XAS,NO_CONFIGURED_ICD_WITH_REVIEW_CANDIDATES
NEUROLOGY,AL | ATTRV,polyneuropathy,Polyneuropathy / peripheral neuropathy,0,0,,,1,G60.3,0,,NO_CONFIGURED_ICD_WITH_REVIEW_CANDIDATES
GASTROENTEROLOGY,AL | ATTRV | ATTRWT,alternating_bowel_habit,Alternating diarrhea and constipation,0,0,,,0,,1,R19.4,NO_CONFIGURED_ICD_WITH_REVIEW_CANDIDATES
HEMATOLOGY,AL | ATTRV | ATTRWT,mgus,Monoclonal gammopathy of undetermined significance,0,0,,,1,D47.2,0,,NO_CONFIGURED_ICD_WITH_REVIEW_CANDIDATES
RHEUM_INFLAMMATORY,AL | ATTRV | ATTRWT,autoinflammatory_syndrome,Other chronic autoinflammatory syndrome,0,0,,,1,M04.1,0,,NO_CONFIGURED_ICD_WITH_REVIEW_CANDIDATES
RHEUM_INFLAMMATORY,AL | ATTRV | ATTRWT,chronic_infection,Chronic or active infection,0,0,,,42,M86.40 | M86.411 | M86.412 | M86.421 | M86.422 | M86.432 | M86.441 | M86.442 | M86.451 | M86.452 | M86.461 | M86.462 | M86.469 | M86.471 | M86.472 | M86.479 | M86.48 | M86.49 | M86.60 | M86.611 | M86.612 | M86.619 | M86.621 | M86.622 | M86.629 | M86.631 | M86.632 | M86.639 | M86.641 | M86.642 | M86.649 | M86.651 | M86.652 | M86.659 | M86.661 | M86.662 | M86.669 | M86.671 | M86.672 | M86.679 | M86.68 | M86.69,0,,NO_CONFIGURED_ICD_WITH_REVIEW_CANDIDATES
RHEUM_INFLAMMATORY,AL | ATTRV | ATTRWT,chronic_inflammatory_arthritis,Chronic inflammatory joint disease,0,0,,,106,M05.10 | M05.20 | M05.241 | M05.29 | M05.30 | M05.379 | M05.39 | M05.471 | M05.50 | M05.541 | M05.59 | M05.662 | M05.69 | M05.70 | M05.711 | M05.712 | M05.719 | M05.721 | M05.722 | M05.731 | M05.732 | M05.739 | M05.741 | M05.742 | M05.749 | M05.751 | M05.761 | M05.762 | M05.769 | M05.771 | M05.772 | M05.779 | M05.79 | M05.7A | M05.80 | M05.812 | M05.841 | M05.842 | M05.851 | M05.852 | M05.861 | M05.862 | M05.89 | M05.9 | M05.A | M06.00 | M06.011 | M06.019 | M06.021 | M06.031 | M06.032 | M06.041 | M06.042 | M06.049 | M06.051 | M06.061 | M06.062 | M06.071 | M06.072 | M06.079 | M06.08 | M06.09 | M06.0A | M06.80 | M06.811 | M06.812 | M06.832 | M06.841 | M06.842 | M06.851 | M06.852 | M06.861 | M06.862 | M06.879 | M06.88 | M06.89 | M06.8A | M06.9 | M08.00 | M08.021 | M08.042 | M08.061 | M08.071 | M08.079 | M08.08 | M08.09 | M08.0A | M08.1 | M08.20 | M08.269 | M08.29 | M08.2A | M08.40 | M08.442 | M08.471 | M08.472 | M45.0 | M45.2 | M45.3 | M45.4 | M45.5 | M45.6 | M45.7 | M45.8 | M45.9 | R76.81,1,M35.05,NO_CONFIGURED_ICD_WITH_REVIEW_CANDIDATES
RHEUM_INFLAMMATORY,AL | ATTRV | ATTRWT,ibd_inflammatory_driver,Inflammatory bowel disease,0,0,,,11,K51.80 | K51.811 | K51.813 | K51.814 | K51.818 | K51.819 | K51.90 | K51.911 | K51.914 | K51.918 | K51.919,0,,NO_CONFIGURED_ICD_WITH_REVIEW_CANDIDATES
GASTROENTEROLOGY,ATTRV,eating_disorder_label,Anorexia nervosa / eating disorder diagnosis,0,0,,,1,F50.82,2,F50.01 | F50.02,NO_CONFIGURED_ICD_WITH_REVIEW_CANDIDATES
GENERAL_MEDICINE,ATTRV,declining_bmi,Declining BMI / modified BMI trajectory,0,0,,,0,,32,Z68.1 | Z68.20 | Z68.21 | Z68.22 | Z68.23 | Z68.24 | Z68.25 | Z68.26 | Z68.27 | Z68.28 | Z68.29 | Z68.30 | Z68.31 | Z68.32 | Z68.33 | Z68.34 | Z68.35 | Z68.36 | Z68.37 | Z68.38 | Z68.39 | Z68.41 | Z68.42 | Z68.43 | Z68.44 | Z68.45 | Z68.51 | Z68.52 | Z68.53 | Z68.54 | Z68.55 | Z68.56,NO_CONFIGURED_ICD_WITH_REVIEW_CANDIDATES
GENETICS,ATTRV,fhx_sudden_death,Family history of sudden death or hereditary amyloid/neuropathy,0,0,,,0,,3,Z82.69 | Z83.6 | Z83.79,NO_CONFIGURED_ICD_WITH_REVIEW_CANDIDATES
MULTISPECIALTY,ATTRV,axonal_neuropathy,Axonal neuropathy / axonal polyneuropathy,0,0,,,1,G90.09,0,,NO_CONFIGURED_ICD_WITH_REVIEW_CANDIDATES
MULTISPECIALTY,ATTRV,idiopathic_progressive_neuropathy,Idiopathic progressive neuropathy,0,0,,,2,G60.3 | G90.09,0,,NO_CONFIGURED_ICD_WITH_REVIEW_CANDIDATES
MULTISPECIALTY,ATTRV,orthopedic_to_cardiac_trajectory,Long orthopedic prodrome followed years later by cardiac disease,0,0,,,2,I97.130 | I97.131,0,,NO_CONFIGURED_ICD_WITH_REVIEW_CANDIDATES
MULTISPECIALTY,ATTRV,v41_attrwt_pattern_gate,Cardiac ATTR-compatible phenotype + orthopedic prodrome with genotype unresolved,0,0,,,0,,1,E11.37X3,NO_CONFIGURED_ICD_WITH_REVIEW_CANDIDATES
NEUROLOGY,ATTRV,axonal_pattern_on_emg,Axonal pattern on nerve conduction study / EMG,0,0,,,0,,1,R94.130,NO_CONFIGURED_ICD_WITH_REVIEW_CANDIDATES
NEUROLOGY,ATTRV,bulbar_neuropathy_symptoms,Unexplained bulbar neuropathy symptoms,0,0,,,0,,1,G12.22,NO_CONFIGURED_ICD_WITH_REVIEW_CANDIDATES
CARDIOLOGY,ATTRV | ATTRWT,declining_blood_pressure,Falling blood pressure in a previously hypertensive patient,0,0,,,0,,1,R03.1,NO_CONFIGURED_ICD_WITH_REVIEW_CANDIDATES
ORTHOPEDICS_MSK,ATTRV | ATTRWT,cts_left,"Carpal tunnel syndrome, left",0,0,,,3,G56.01 | G56.02 | G56.92,8,G56.12 | G56.22 | G56.32 | G56.42 | G56.82 | G90.512 | H53.432 | H53.462,NO_CONFIGURED_ICD_WITH_REVIEW_CANDIDATES
ORTHOPEDICS_MSK,ATTRV | ATTRWT,cts_right,"Carpal tunnel syndrome, right",0,0,,,3,G56.01 | G56.02 | G56.91,8,G56.11 | G56.21 | G56.31 | G56.41 | G56.81 | G90.511 | H53.431 | H53.461,NO_CONFIGURED_ICD_WITH_REVIEW_CANDIDATES
CARDIOLOGY,AL,ntprobnp_elevated,Elevated NT-proBNP,0,0,,,0,,0,,NO_CONFIGURED_ICD_OR_DISCOVERED_CANDIDATE
CARDIOLOGY,AL,ntprobnp_result,NT-proBNP result,0,0,,,0,,0,,NO_CONFIGURED_ICD_OR_DISCOVERED_CANDIDATE
CARDIOLOGY,AL,restrictive_filling,Restrictive filling / grade III diastolic dysfunction,0,0,,,0,,0,,NO_CONFIGURED_ICD_OR_DISCOVERED_CANDIDATE
CARDIOLOGY,AL,troponin_elevated,Persistent troponin elevation,0,0,,,0,,0,,NO_CONFIGURED_ICD_OR_DISCOVERED_CANDIDATE
CARDIOLOGY,AL,troponin_result,Troponin result,0,0,,,0,,0,,NO_CONFIGURED_ICD_OR_DISCOVERED_CANDIDATE
NEPHROLOGY,AL,creatinine_result,Serum creatinine result,0,0,,,0,,0,,NO_CONFIGURED_ICD_OR_DISCOVERED_CANDIDATE
NUTRITION,AL,weight_result,Body weight measurement,0,0,,,0,,0,,NO_CONFIGURED_ICD_OR_DISCOVERED_CANDIDATE
CARDIOLOGY,AL | ATTRV,cardiomyopathy,cardiomyopathy,0,0,,,0,,0,,NO_CONFIGURED_ICD_OR_DISCOVERED_CANDIDATE
DERMATOLOGY_ORAL,AL | ATTRV | ATTRWT,macroglossia,Macroglossia / acquired tongue enlargement,0,0,,,0,,0,,NO_CONFIGURED_ICD_OR_DISCOVERED_CANDIDATE
DERMATOLOGY_ORAL,AL | ATTRV | ATTRWT,periorbital_purpura,Periorbital or pinch purpura,0,0,,,0,,0,,NO_CONFIGURED_ICD_OR_DISCOVERED_CANDIDATE
NEPHROLOGY,AL | ATTRV | ATTRWT,abnormal_serum_free_light_chain_ratio,Abnormal serum free-light-chain result,0,0,,,0,,0,,NO_CONFIGURED_ICD_OR_DISCOVERED_CANDIDATE
NEPHROLOGY,AL | ATTRV | ATTRWT,nephrotic_range_proteinuria,Nephrotic-range proteinuria,0,0,,,0,,0,,NO_CONFIGURED_ICD_OR_DISCOVERED_CANDIDATE
NEPHROLOGY,AL | ATTRV | ATTRWT,serum_immunofixation_monoclonal,Monoclonal protein detected on serum immunofixation,0,0,,,0,,0,,NO_CONFIGURED_ICD_OR_DISCOVERED_CANDIDATE
NEPHROLOGY,AL | ATTRV | ATTRWT,urine_immunofixation_monoclonal,Monoclonal protein detected on urine immunofixation,0,0,,,0,,0,,NO_CONFIGURED_ICD_OR_DISCOVERED_CANDIDATE
NEPHROLOGY,AL | ATTRV | ATTRWT,urine_protein_result,urine protein result,0,0,,,0,,0,,NO_CONFIGURED_ICD_OR_DISCOVERED_CANDIDATE
ORTHOPEDICS_MSK,AL | ATTRV | ATTRWT,cts_recurrent,Recurrent / revision carpal tunnel syndrome,0,0,,,0,,0,,NO_CONFIGURED_ICD_OR_DISCOVERED_CANDIDATE
RHEUM_INFLAMMATORY,AL | ATTRV | ATTRWT,fmf,Familial Mediterranean fever / periodic fever syndrome,0,0,,,0,,0,,NO_CONFIGURED_ICD_OR_DISCOVERED_CANDIDATE
CARDIOLOGY,AL | ATTRWT,bnp_result,B-type natriuretic peptide,0,0,,,0,,0,,NO_CONFIGURED_ICD_OR_DISCOVERED_CANDIDATE
CARDIOLOGY,AL | ATTRWT,voltage_mass_mismatch,Voltage-to-mass discordance,0,0,,,0,,0,,NO_CONFIGURED_ICD_OR_DISCOVERED_CANDIDATE
RHEUMATOLOGY,AL | ATTRWT,saa_result,Serum amyloid A result,0,0,,,0,,0,,NO_CONFIGURED_ICD_OR_DISCOVERED_CANDIDATE
MULTISPECIALTY,ATTRV,declining_prealbumin,Declining serum prealbumin (circulating transthyretin),0,0,,,0,,0,,NO_CONFIGURED_ICD_OR_DISCOVERED_CANDIDATE
MULTISPECIALTY,ATTRV,ttr_pathogenic_variant,Pathogenic or likely pathogenic TTR variant in the patient,0,0,,,0,,0,,NO_CONFIGURED_ICD_OR_DISCOVERED_CANDIDATE
NEUROLOGY,ATTRV,abnormal_cutaneous_silent_period,Abnormal cutaneous silent period,0,0,,,0,,0,,NO_CONFIGURED_ICD_OR_DISCOVERED_CANDIDATE
NEUROLOGY,ATTRV,anhidrosis,Anhidrosis / abnormal sweating,0,0,,,0,,0,,NO_CONFIGURED_ICD_OR_DISCOVERED_CANDIDATE
NEUROLOGY,ATTRV,burning_feet,Burning feet,0,0,,,0,,0,,NO_CONFIGURED_ICD_OR_DISCOVERED_CANDIDATE
NEUROLOGY,ATTRV,demyelinating_emg_pattern,Demyelinating pattern on EMG/NCS,0,0,,,0,,0,,NO_CONFIGURED_ICD_OR_DISCOVERED_CANDIDATE
NEUROLOGY,ATTRV,elevated_nfl,Elevated / rising neurofilament light chain,0,0,,,0,,0,,NO_CONFIGURED_ICD_OR_DISCOVERED_CANDIDATE
NEUROLOGY,ATTRV,immunotherapy_nonresponse,Poor or absent response to IVIG / immunotherapy,0,0,,,0,,0,,NO_CONFIGURED_ICD_OR_DISCOVERED_CANDIDATE
NEUROLOGY,ATTRV,mibg_cardiac_denervation,Cardiac sympathetic denervation on 123I-MIBG,0,0,,,0,,0,,NO_CONFIGURED_ICD_OR_DISCOVERED_CANDIDATE
NEUROLOGY,ATTRV,mr_neurography_abnormal,MR neurography abnormalities of peripheral nerve or plexus,0,0,,,0,,0,,NO_CONFIGURED_ICD_OR_DISCOVERED_CANDIDATE
NEUROLOGY,ATTRV,nerve_ultrasound_enlargement,Nerve ultrasound proximal enlargement,0,0,,,0,,0,,NO_CONFIGURED_ICD_OR_DISCOVERED_CANDIDATE
NEUROLOGY,ATTRV,pain_temperature_loss,Impaired pain and temperature sensation,0,0,,,0,,0,,NO_CONFIGURED_ICD_OR_DISCOVERED_CANDIDATE
NEUROLOGY,ATTRV,positive_autoantibody,Positive autoantibody result,0,0,,,0,,0,,NO_CONFIGURED_ICD_OR_DISCOVERED_CANDIDATE
NEUROLOGY,ATTRV,reduced_ienfd,Reduced intraepidermal nerve-fiber density on skin biopsy,0,0,,,0,,0,,NO_CONFIGURED_ICD_OR_DISCOVERED_CANDIDATE
NEUROLOGY,ATTRV,sudoscan_reduced_esc,Reduced electrochemical skin conductance on SUDOSCAN,0,0,,,0,,0,,NO_CONFIGURED_ICD_OR_DISCOVERED_CANDIDATE
ORTHOPEDICS_MSK,ATTRV,persistent_lower_limb_symptoms_after_decompression,Persistent lower-limb symptoms after lumbar decompression,0,0,,,0,,0,,NO_CONFIGURED_ICD_OR_DISCOVERED_CANDIDATE
ORTHOPEDICS_MSK,ATTRV | ATTRWT,cts_persistent_after_release,Persistent/recurrent CTS symptoms after carpal tunnel release,0,0,,,0,,0,,NO_CONFIGURED_ICD_OR_DISCOVERED_CANDIDATE
CARDIOLOGY,ATTRWT,apical_sparing,Relative apical sparing,0,0,,,0,,0,,NO_CONFIGURED_ICD_OR_DISCOVERED_CANDIDATE
CARDIOLOGY,ATTRWT,bnp_lvmi_ratio_result,BNP-to-LVMI ratio,0,0,,,0,,0,,NO_CONFIGURED_ICD_OR_DISCOVERED_CANDIDATE
CARDIOLOGY,ATTRWT,lv_cavity_geometry,Left-ventricular cavity geometry,0,0,,,0,,0,,NO_CONFIGURED_ICD_OR_DISCOVERED_CANDIDATE
CARDIOLOGY,ATTRWT,lv_mass_index_result,Left-ventricular mass index,0,0,,,0,,0,,NO_CONFIGURED_ICD_OR_DISCOVERED_CANDIDATE
CARDIOLOGY,ATTRWT,lv_relative_wall_thickness,Increased relative wall thickness,0,0,,,0,,0,,NO_CONFIGURED_ICD_OR_DISCOVERED_CANDIDATE
CARDIOLOGY,ATTRWT,lv_wall_measurement,LV wall thickness measurement,0,0,,,0,,0,,NO_CONFIGURED_ICD_OR_DISCOVERED_CANDIDATE
CARDIOLOGY,ATTRWT,lvef_result,Left-ventricular ejection fraction,0,0,,,0,,0,,NO_CONFIGURED_ICD_OR_DISCOVERED_CANDIDATE
CARDIOLOGY,ATTRWT,reduced_gls,Reduced global longitudinal strain,0,0,,,0,,0,,NO_CONFIGURED_ICD_OR_DISCOVERED_CANDIDATE
CARDIOLOGY,ATTRWT,reduced_mcf,Reduced myocardial contraction fraction,0,0,,,0,,0,,NO_CONFIGURED_ICD_OR_DISCOVERED_CANDIDATE
CARDIOLOGY,ATTRWT,small_lv_cavity,Small left-ventricular cavity,0,0,,,0,,0,,NO_CONFIGURED_ICD_OR_DISCOVERED_CANDIDATE
NUCLEAR_MEDICINE,ATTRWT,myocardial_bone_tracer_uptake,Incidental myocardial bone-tracer uptake,0,0,,,0,,0,,NO_CONFIGURED_ICD_OR_DISCOVERED_CANDIDATE
RADIOLOGY,ATTRWT,ligamentum_flavum_thickening,Thickened ligamentum flavum,0,0,,,0,,0,,NO_CONFIGURED_ICD_OR_DISCOVERED_CANDIDATE
CARDIOLOGY,AL,cardiomegaly,Cardiomegaly,1,1,I51.7,I51.7,0,,3,I51.0 | I51.89 | I51.9,WAREHOUSE_EXECUTABLE_ICD
CARDIOLOGY,AL,dyspnea,Dyspnea / shortness of breath,4,4,R06.00 | R06.01 | R06.02 | R06.09,R06.00 | R06.01 | R06.02 | R06.09,0,,4,R06.3 | R06.5 | R06.89 | R06.9,WAREHOUSE_EXECUTABLE_ICD
CARDIOLOGY,AL,hypotension,Hypotension,3,3,I95.1 | I95.89 | I95.9,I95.1 | I95.89 | I95.9,0,,4,I95.0 | I95.3 | I95.81 | R03.1,WAREHOUSE_EXECUTABLE_ICD
CARDIOLOGY,AL,pericardial_effusion,Pericardial effusion,3,3,I31.3 | I31.39 | I31.8,I31.3 | I31.39 | I31.8,1,I31.31,0,,WAREHOUSE_EXECUTABLE_ICD
CARDIOLOGY,AL,restrictive_cardiomyopathy,Restrictive cardiomyopathy,3,3,I42.5 | I42.8 | I42.9,I42.5 | I42.8 | I42.9,0,,0,,WAREHOUSE_EXECUTABLE_ICD
DERMATOLOGY,AL,ecchymosis,Spontaneous unexplained ecchymosis,2,2,D69.2 | R23.3,D69.2 | R23.3,0,,0,,WAREHOUSE_EXECUTABLE_ICD
GASTROENTEROLOGY,AL,abdominal_pain,Unexplained abdominal pain,4,4,R10.10 | R10.13 | R10.84 | R10.9,R10.10 | R10.13 | R10.84 | R10.9,0,,35,R10.11 | R10.12 | R10.2 | R10.20 | R10.21 | R10.22 | R10.23 | R10.24 | R10.3 | R10.30 | R10.31 | R10.32 | R10.33 | R10.81 | R10.811 | R10.812 | R10.813 | R10.814 | R10.815 | R10.816 | R10.817 | R10.819 | R10.821 | R10.822 | R10.823 | R10.824 | R10.825 | R10.826 | R10.827 | R10.829 | R10.85 | R10.A0 | R10.A1 | R10.A2 | R10.A3,WAREHOUSE_EXECUTABLE_ICD
GENERAL_MEDICINE,AL,fatigue,Fatigue,3,3,R53.81 | R53.82 | R53.83,R53.81 | R53.82 | R53.83,0,,1,R53.0,WAREHOUSE_EXECUTABLE_ICD
GENERAL_MEDICINE,AL,malaise,Malaise,2,1,R53.8 | R53.81,R53.81,0,,0,,WAREHOUSE_EXECUTABLE_ICD
GENERAL_MEDICINE,AL,other_serosal_effusion,Other serosal effusion,2,2,K66.8 | R18.8,K66.8 | R18.8,1,R18.0,1,K66.0,WAREHOUSE_EXECUTABLE_ICD
GENERAL_MEDICINE,AL,subjective_weakness,Subjective weakness,1,1,R53.1,R53.1,0,,0,,WAREHOUSE_EXECUTABLE_ICD
HEMATOLOGY,AL,myeloma_therapy_exposure,Anti-myeloma therapy exposure,3,2,Z51.1 | Z51.11 | Z92.21,Z51.11 | Z92.21,0,,6,Z51.0 | Z92.23 | Z92.241 | Z92.25 | Z92.29 | Z92.850,WAREHOUSE_EXECUTABLE_ICD
HEPATOLOGY,AL,hepatic_alp_elevation,Cholestatic alkaline phosphatase elevation,2,2,R74.0 | R94.5,R74.0 | R94.5,0,,3,R74.01 | R74.02 | Z36.1,WAREHOUSE_EXECUTABLE_ICD
HEPATOLOGY,AL,hepatomegaly,Hepatomegaly,2,2,R16.0 | R16.2,R16.0 | R16.2,0,,0,,WAREHOUSE_EXECUTABLE_ICD
NEPHROLOGY,AL,falling_egfr,Falling eGFR / rising creatinine,4,4,N17.9 | N18.3 | N18.4 | N18.5,N17.9 | N18.3 | N18.4 | N18.5,0,,0,,WAREHOUSE_EXECUTABLE_ICD
NEPHROLOGY,AL,kidney_failure,Kidney failure / end-stage renal disease,4,4,N18.5 | N18.6 | N19 | Z99.2,N18.5 | N18.6 | N19 | Z99.2,12,I12.0 | I13.11 | I13.2 | I50.84 | N18.1 | N18.2 | N18.30 | N18.31 | N18.32 | O03.82 | O08.4 | P96.0,1,Z99.12,WAREHOUSE_EXECUTABLE_ICD
NEPHROLOGY,AL,nephrotic_syndrome,Nephrotic syndrome,2,2,N04.8 | N04.9,N04.8 | N04.9,4,N04.20 | N04.21 | N04.5 | N04.B2,0,,WAREHOUSE_EXECUTABLE_ICD
NEPHROLOGY,AL,peripheral_edema,Peripheral edema / anasarca,3,3,R60.0 | R60.1 | R60.9,R60.0 | R60.1 | R60.9,0,,0,,WAREHOUSE_EXECUTABLE_ICD
NEPHROLOGY,AL,persistent_proteinuria,Persistent proteinuria,4,4,R80.0 | R80.1 | R80.8 | R80.9,R80.0 | R80.1 | R80.8 | R80.9,2,R80.2 | R80.3,0,,WAREHOUSE_EXECUTABLE_ICD
NEPHROLOGY,AL,progressive_proteinuria,Progressive proteinuria,2,2,R80.1 | R80.9,R80.1 | R80.9,2,R80.2 | R80.3,0,,WAREHOUSE_EXECUTABLE_ICD
NEPHROLOGY,AL,renal_dysfunction,Renal dysfunction / chronic kidney disease,4,4,N18.3 | N18.4 | N18.9 | N19,N18.3 | N18.4 | N18.9 | N19,17,D63.1 | E08.22 | E10.22 | E11.22 | E13.22 | I12.0 | I13.11 | I13.2 | N18.1 | N18.2 | N18.30 | N18.31 | N18.32 | O10.211 | O10.212 | O10.213 | O10.219,32,M10.30 | M10.312 | M10.322 | M10.331 | M10.332 | M10.341 | M10.342 | M10.361 | M10.362 | M10.371 | M10.372 | M10.379 | M10.39 | M1A.30X0 | M1A.30X1 | M1A.3220 | M1A.3221 | M1A.3310 | M1A.3410 | M1A.3411 | M1A.3490 | M1A.3491 | M1A.3610 | M1A.3620 | M1A.3710 | M1A.3711 | M1A.3720 | M1A.3721 | M1A.3790 | M1A.3791 | M1A.39X0 | M1A.39X1,WAREHOUSE_EXECUTABLE_ICD
NEUROLOGY,AL,sensory_loss,Sensory loss,5,5,R20.0 | R20.1 | R20.2 | R20.8 | R20.9,R20.0 | R20.1 | R20.2 | R20.8 | R20.9,0,,0,,WAREHOUSE_EXECUTABLE_ICD
PULMONOLOGY,AL,pleural_effusion,Pleural effusion,2,2,J90 | J91.8,J90 | J91.8,0,,0,,WAREHOUSE_EXECUTABLE_ICD
GASTROENTEROLOGY,AL | ATTRV,constipation,constipation,4,4,K59.00 | K59.1 | K59.8 | R19.7,K59.00 | K59.1 | K59.8 | R19.7,5,K59.01 | K59.02 | K59.03 | K59.04 | K59.09,4,K59.2 | R19.12 | R19.15 | R19.4,WAREHOUSE_EXECUTABLE_ICD
GASTROENTEROLOGY,AL | ATTRV,diarrhea,diarrhea,4,4,K59.00 | K59.1 | K59.8 | R19.7,K59.00 | K59.1 | K59.8 | R19.7,1,K59.04,0,,WAREHOUSE_EXECUTABLE_ICD
GASTROENTEROLOGY,AL | ATTRV,dysphagia,dysphagia,4,4,R13.10 | R13.19 | R47.1 | R49.0,R13.10 | R13.19 | R47.1 | R49.0,0,,4,R13.11 | R13.12 | R13.13 | R13.14,WAREHOUSE_EXECUTABLE_ICD
GASTROENTEROLOGY,AL | ATTRV,early_satiety,early satiety,3,3,K31.84 | R11.2 | R68.81,K31.84 | R11.2 | R68.81,0,,0,,WAREHOUSE_EXECUTABLE_ICD
GASTROENTEROLOGY,AL | ATTRV,nausea,nausea,3,3,K31.84 | R11.2 | R68.81,K31.84 | R11.2 | R68.81,0,,2,R11.0 | R11.11,WAREHOUSE_EXECUTABLE_ICD
GASTROENTEROLOGY,AL | ATTRV,vomiting,vomiting,3,3,K31.84 | R11.2 | R68.81,K31.84 | R11.2 | R68.81,0,,6,R11.10 | R11.11 | R11.12 | R11.13 | R11.14 | R11.15,WAREHOUSE_EXECUTABLE_ICD
MULTISPECIALTY,AL | ATTRV,unintentional_weight_loss,Unintentional weight loss / declining BMI,16,12,F50.00 | F50.010 | F50.011 | F50.012 | F50.013 | F50.014 | F50.019 | F50.020 | F50.021 | F50.022 | F50.023 | F50.024 | F50.029 | K31.84 | R63.4 | R64,F50.00 | F50.010 | F50.011 | F50.012 | F50.014 | F50.019 | F50.020 | F50.024 | F50.029 | K31.84 | R63.4 | R64,0,,6,F50.23 | F50.812 | P92.6 | R62.51 | R62.7 | R63.5,WAREHOUSE_EXECUTABLE_ICD
NEUROLOGY,AL | ATTRV,orthostatic_intolerance,orthostatic intolerance,3,3,G90.8 | G90.9 | I95.1,G90.8 | G90.9 | I95.1,0,,5,G90.01 | G90.A | I95.0 | I95.3 | I95.81,WAREHOUSE_EXECUTABLE_ICD
CARDIOLOGY,AL | ATTRV | ATTRWT,af,Atrial fibrillation or flutter,15,15,I44.1 | I44.2 | I44.30 | I44.39 | I45.4 | I48.0 | I48.11 | I48.19 | I48.20 | I48.21 | I48.3 | I48.4 | I48.91 | I48.92 | Z95.0,I44.1 | I44.2 | I44.30 | I44.39 | I45.4 | I48.0 | I48.11 | I48.19 | I48.20 | I48.21 | I48.3 | I48.4 | I48.91 | I48.92 | Z95.0,0,,0,,WAREHOUSE_EXECUTABLE_ICD
CARDIOLOGY,AL | ATTRV | ATTRWT,hfpef,Heart failure with preserved ejection fraction,5,4,I42.9 | I50.3 | I50.32 | I50.33 | I51.7,I42.9 | I50.32 | I50.33 | I51.7,18,I13.11 | I13.2 | I50.21 | I50.23 | I50.30 | I50.31 | I50.40 | I50.41 | I50.43 | I50.810 | I50.811 | I50.812 | I50.813 | I50.814 | I50.82 | I50.83 | I50.84 | I50.89,3,I50.1 | I51.89 | I51.9,WAREHOUSE_EXECUTABLE_ICD
CARDIOLOGY,AL | ATTRV | ATTRWT,thick_walls,Unexplained left-ventricular wall thickness / LVH,13,13,I42.0 | I42.1 | I42.2 | I42.3 | I42.4 | I42.5 | I42.6 | I42.7 | I42.8 | I42.9 | I50.32 | I50.33 | I51.7,I42.0 | I42.1 | I42.2 | I42.3 | I42.4 | I42.5 | I42.6 | I42.7 | I42.8 | I42.9 | I50.32 | I50.33 | I51.7,1,I50.814,2,I50.1 | I51.0,WAREHOUSE_EXECUTABLE_ICD
GASTROENTEROLOGY,AL | ATTRV | ATTRWT,delayed_gastric_emptying,delayed gastric emptying,3,3,K31.84 | R11.2 | R68.81,K31.84 | R11.2 | R68.81,1,K31.2,17,K31.0 | K31.4 | K31.6 | K31.7 | K31.811 | K31.819 | K31.82 | K31.89 | K31.9 | K31.A0 | K31.A11 | K31.A12 | K31.A13 | K31.A15 | K31.A19 | K31.A21 | K31.A22,WAREHOUSE_EXECUTABLE_ICD
MULTISPECIALTY,AL | ATTRV | ATTRWT,fhx_adult_onset_neuropathy,Family history of unexplained adult-onset progressive neuropathy,1,1,Z82.0,Z82.0,0,,9,Z82.1 | Z82.2 | Z82.3 | Z82.5 | Z82.61 | Z82.62 | Z82.69 | Z82.71 | Z82.79,WAREHOUSE_EXECUTABLE_ICD
MULTISPECIALTY,AL | ATTRV | ATTRWT,fhx_established_attr,First-degree family history of genetically or clinically established ATTR amyloidosis,3,3,Z14.8 | Z15.89 | Z83.49,Z14.8 | Z15.89 | Z83.49,0,,16,Z83.0 | Z83.1 | Z83.2 | Z83.3 | Z83.41 | Z83.42 | Z83.438 | Z83.511 | Z83.518 | Z83.52 | Z83.6 | Z83.71 | Z83.710 | Z83.711 | Z83.719 | Z83.79,WAREHOUSE_EXECUTABLE_ICD
NEUROLOGY,AL | ATTRV | ATTRWT,dysautonomia,Autonomic dysfunction / dysautonomia,2,2,G90.8 | G90.9,G90.8 | G90.9,16,C47.9 | D36.10 | D36.11 | D36.12 | D36.13 | D36.14 | D36.15 | D36.16 | D36.17 | G90.09 | G90.3 | G90.4 | G90.89 | T44.904A | T44.905A | T44.995S,1,G90.1,WAREHOUSE_EXECUTABLE_ICD
NEUROLOGY,AL | ATTRV | ATTRWT,gastroparesis,Gastroparesis / delayed gastric emptying,3,3,K31.84 | R11.2 | R68.81,K31.84 | R11.2 | R68.81,1,K31.2,17,K31.0 | K31.4 | K31.6 | K31.7 | K31.811 | K31.819 | K31.82 | K31.89 | K31.9 | K31.A0 | K31.A11 | K31.A12 | K31.A13 | K31.A15 | K31.A19 | K31.A21 | K31.A22,WAREHOUSE_EXECUTABLE_ICD
NEUROLOGY,AL | ATTRV | ATTRWT,gi_dysmotility,Unexplained gastrointestinal dysmotility,4,4,K59.00 | K59.1 | K59.8 | R19.7,K59.00 | K59.1 | K59.8 | R19.7,3,K59.01 | K59.02 | K59.04,2,K59.89 | K59.9,WAREHOUSE_EXECUTABLE_ICD
NEUROLOGY,AL | ATTRV | ATTRWT,sfn,Small-fiber neuropathy,3,3,G60.8 | G60.9 | R20.2,G60.8 | G60.9 | R20.2,2,G60.0 | G60.3,0,,WAREHOUSE_EXECUTABLE_ICD
OPHTHALMOLOGY,AL | ATTRV | ATTRWT,scalloped_pupil,Scalloped pupil / characteristic pupillary abnormality,1,1,H21.89,H21.89,0,,22,H21.1X1 | H21.1X2 | H21.1X3 | H21.232 | H21.239 | H21.241 | H21.261 | H21.301 | H21.302 | H21.309 | H21.322 | H21.41 | H21.42 | H21.43 | H21.502 | H21.503 | H21.542 | H21.561 | H21.562 | H21.563 | H21.569 | H21.9,WAREHOUSE_EXECUTABLE_ICD
OPHTHALMOLOGY,AL | ATTRV | ATTRWT,vitreous_opacity,vitreous opacity,4,2,H43.20 | H43.21 | H43.22 | H43.23,H43.21 | H43.22,0,,17,H43.01 | H43.10 | H43.11 | H43.12 | H43.13 | H43.311 | H43.312 | H43.391 | H43.392 | H43.393 | H43.399 | H43.811 | H43.812 | H43.813 | H43.819 | H43.89 | H43.9,WAREHOUSE_EXECUTABLE_ICD
ORTHOPEDICS_MSK,AL | ATTRV | ATTRWT,biceps_rupture,"Spontaneous distal biceps tendon rupture (""Popeye sign"")",28,21,M65.30 | M65.311 | M65.312 | M65.319 | M65.321 | M65.322 | M65.329 | M65.331 | M65.332 | M65.339 | M65.341 | M65.342 | M65.349 | M65.351 | M65.352 | M65.359 | M65.9 | M66.80 | M66.821 | M66.822 | M66.829 | M66.89 | M66.9 | M75.100 | M75.101 | M75.102 | S46.211A | S46.221A,M65.30 | M65.311 | M65.312 | M65.319 | M65.321 | M65.322 | M65.329 | M65.331 | M65.332 | M65.339 | M65.341 | M65.342 | M65.349 | M65.351 | M65.352 | M65.359 | M65.9 | M75.100 | M75.101 | M75.102 | S46.211A,27,M75.110 | M75.111 | M75.112 | M75.120 | M75.121 | M75.122 | S46.001A | S46.001D | S46.001S | S46.002A | S46.002D | S46.002S | S46.009A | S46.009D | S46.009S | S46.011A | S46.011D | S46.011S | S46.012A | S46.012D | S46.012S | S46.019A | S46.019D | S46.019S | S46.022D | S46.091A | S46.092A,74,M65.011 | M65.022 | M65.031 | M65.032 | M65.041 | M65.042 | M65.052 | M65.061 | M65.062 | M65.072 | M66.0 | M66.18 | M66.241 | M66.242 | M66.251 | M66.271 | M66.311 | M66.362 | M66.372 | M66.841 | M66.871 | M66.872 | S46.101S | S46.102A | S46.109A | S46.111A | S46.111D | S46.112A | S46.112D | S46.112S | S46.119A | S46.191D | S46.191S | S46.192A | S46.201A | S46.202A | S46.202D | S46.209A | S46.211D | S46.211S | S46.212A | S46.212D | S46.212S | S46.219A | S46.219S | S46.222A | S46.229A | S46.301A | S46.302A | S46.309A | S46.311A | S46.311D | S46.311S | S46.312A | S46.319A | S46.392D | S46.811A | S46.811D | S46.811S | S46.812A | S46.812D | S46.812S | S46.819A | S46.819D | S46.819S | S46.901A | S46.902A | S46.911A | S46.911D | S46.911S | S46.912A | S46.912D | S46.912S | S46.919A,WAREHOUSE_EXECUTABLE_ICD
ORTHOPEDICS_MSK,AL | ATTRV | ATTRWT,cts_bilateral,Bilateral carpal tunnel syndrome,1,1,G56.03,G56.03,5,G56.01 | G56.02 | G56.91 | G56.92 | G56.93,16,G56.10 | G56.11 | G56.12 | G56.13 | G56.21 | G56.22 | G56.23 | G56.31 | G56.32 | G56.33 | G56.41 | G56.42 | G56.43 | G56.81 | G56.82 | G56.83,WAREHOUSE_EXECUTABLE_ICD
ORTHOPEDICS_MSK,AL | ATTRV | ATTRWT,lumbar_stenosis,Lumbar spinal stenosis,5,4,M48.00 | M48.06 | M48.061 | M48.062 | M48.07,M48.00 | M48.061 | M48.062 | M48.07,7,M48.02 | M48.03 | M48.04 | M48.05 | M48.08 | M99.33 | M99.53,11,M48.16 | M48.26 | M48.46XA | M48.46XD | M48.46XG | M48.46XS | M48.56XA | M48.56XD | M48.56XG | M48.56XS | M48.8X6,WAREHOUSE_EXECUTABLE_ICD
ORTHOPEDICS_MSK,AL | ATTRV | ATTRWT,trigger_finger,Trigger finger / stenosing tenosynovitis,25,23,M65.30 | M65.311 | M65.312 | M65.319 | M65.321 | M65.322 | M65.329 | M65.331 | M65.332 | M65.339 | M65.341 | M65.342 | M65.349 | M65.351 | M65.352 | M65.359 | M65.841 | M65.842 | M65.849 | M65.9 | M66.821 | M66.822 | M75.100 | M75.101 | M75.102,M65.30 | M65.311 | M65.312 | M65.319 | M65.321 | M65.322 | M65.329 | M65.331 | M65.332 | M65.339 | M65.341 | M65.342 | M65.349 | M65.351 | M65.352 | M65.359 | M65.841 | M65.842 | M65.849 | M65.9 | M75.100 | M75.101 | M75.102,0,,48,M65.011 | M65.022 | M65.031 | M65.032 | M65.041 | M65.042 | M65.052 | M65.061 | M65.062 | M65.072 | M65.4 | M65.80 | M65.811 | M65.812 | M65.831 | M65.832 | M65.839 | M65.862 | M65.869 | M65.871 | M65.872 | M65.879 | M65.88 | M65.90 | M65.911 | M65.931 | M65.932 | M65.939 | M65.941 | M65.942 | M65.949 | M65.961 | M65.962 | M65.969 | M65.971 | M65.972 | M65.979 | M65.98 | M66.241 | M66.242 | M66.251 | M66.271 | M66.311 | M66.362 | M66.372 | M66.841 | M66.871 | M66.872,WAREHOUSE_EXECUTABLE_ICD
CARDIOLOGY,AL | ATTRWT,hf_any,Heart failure,5,5,I50.20 | I50.22 | I50.32 | I50.42 | I50.9,I50.20 | I50.22 | I50.32 | I50.42 | I50.9,21,I09.81 | I13.11 | I13.2 | I50.21 | I50.23 | I50.30 | I50.31 | I50.40 | I50.41 | I50.43 | I50.810 | I50.811 | I50.812 | I50.813 | I50.814 | I50.82 | I50.83 | I50.84 | I50.89 | I97.130 | I97.131,1,I50.1,WAREHOUSE_EXECUTABLE_ICD
CARDIOLOGY,AL | ATTRWT,low_ecg_voltage,Low QRS voltage,1,1,R94.31,R94.31,0,,0,,WAREHOUSE_EXECUTABLE_ICD
CARDIOLOGY,AL | ATTRWT,pseudo_infarct,Pseudo-infarction ECG pattern,1,1,R94.31,R94.31,0,,0,,WAREHOUSE_EXECUTABLE_ICD
HEMATOLOGY,AL | ATTRWT,plasma_cell_dyscrasia,Plasma-cell dyscrasia / multiple myeloma,6,6,C90.00 | C90.01 | C90.10 | C90.20 | C90.30 | E85.81,C90.00 | C90.01 | C90.10 | C90.20 | C90.30 | E85.81,3,C90.02 | C90.11 | C90.12,3,C90.21 | C90.22 | C90.31,WAREHOUSE_EXECUTABLE_ICD
NEPHROLOGY,AL | ATTRWT,egfr_result,Estimated glomerular filtration rate,4,4,N18.3 | N18.4 | N18.5 | N18.9,N18.3 | N18.4 | N18.5 | N18.9,5,N18.1 | N18.2 | N18.30 | N18.31 | N18.32,0,,WAREHOUSE_EXECUTABLE_ICD
NEPHROLOGY,AL | ATTRWT,hypoalbuminemia,Marked hypoalbuminemia,3,2,E88.0 | E88.09 | R77.8,E88.09 | R77.8,0,,1,R77.0,WAREHOUSE_EXECUTABLE_ICD
ORTHOPEDICS,AL | ATTRWT,ctr_any,Carpal tunnel release procedure,1,1,Z98.890,Z98.890,0,,3,Z98.818 | Z98.84 | Z98.891,WAREHOUSE_EXECUTABLE_ICD
ORTHOPEDICS,AL | ATTRWT,cts_any,Carpal tunnel syndrome,2,1,G56.0 | G56.00,G56.00,2,G56.01 | G56.02,4,G56.10 | G56.11 | G56.12 | G56.13,WAREHOUSE_EXECUTABLE_ICD
RHEUMATOLOGY,AL | ATTRWT,crp_result,C-reactive protein result,1,1,R79.82,R79.82,0,,0,,WAREHOUSE_EXECUTABLE_ICD
RHEUMATOLOGY,AL | ATTRWT,esr_result,Erythrocyte sedimentation rate result,1,1,R70.0,R70.0,0,,0,,WAREHOUSE_EXECUTABLE_ICD
CARDIOLOGY,ATTRV,arrhythmia,arrhythmia,14,14,I44.1 | I44.2 | I44.30 | I44.39 | I45.4 | I48.0 | I48.11 | I48.19 | I48.20 | I48.21 | I48.3 | I48.4 | I48.91 | Z95.0,I44.1 | I44.2 | I44.30 | I44.39 | I45.4 | I48.0 | I48.11 | I48.19 | I48.20 | I48.21 | I48.3 | I48.4 | I48.91 | Z95.0,0,,9,I47.1 | I47.10 | I47.19 | I47.2 | I47.20 | I47.29 | Z95.810 | Z95.818 | Z95.9,WAREHOUSE_EXECUTABLE_ICD
GASTROENTEROLOGY,ATTRV,choking,choking,4,4,R13.10 | R13.19 | R47.1 | R49.0,R13.10 | R13.19 | R47.1 | R49.0,0,,0,,WAREHOUSE_EXECUTABLE_ICD
GASTROENTEROLOGY,ATTRV,dysarthria,dysarthria,4,4,R13.10 | R13.19 | R47.1 | R49.0,R13.10 | R13.19 | R47.1 | R49.0,0,,3,R47.81 | R47.89 | R47.9,WAREHOUSE_EXECUTABLE_ICD
GASTROENTEROLOGY,ATTRV,hoarseness,hoarseness,4,4,R13.10 | R13.19 | R47.1 | R49.0,R13.10 | R13.19 | R47.1 | R49.0,0,,2,R49.8 | R49.9,WAREHOUSE_EXECUTABLE_ICD
MULTISPECIALTY,ATTRV,autoimmune_disease,autoimmune disease,2,2,M35.9 | R76.0,M35.9 | R76.0,101,M05.10 | M05.20 | M05.241 | M05.29 | M05.30 | M05.379 | M05.39 | M05.471 | M05.50 | M05.541 | M05.59 | M05.662 | M05.69 | M05.70 | M05.711 | M05.712 | M05.719 | M05.721 | M05.722 | M05.731 | M05.732 | M05.739 | M05.741 | M05.742 | M05.749 | M05.751 | M05.761 | M05.762 | M05.769 | M05.771 | M05.772 | M05.779 | M05.79 | M05.7A | M05.80 | M05.812 | M05.841 | M05.842 | M05.851 | M05.852 | M05.861 | M05.862 | M05.89 | M05.9 | M05.A | M06.00 | M06.011 | M06.019 | M06.021 | M06.031 | M06.032 | M06.041 | M06.042 | M06.049 | M06.051 | M06.061 | M06.062 | M06.071 | M06.072 | M06.079 | M06.08 | M06.09 | M06.0A | M06.80 | M06.811 | M06.812 | M06.832 | M06.841 | M06.842 | M06.851 | M06.852 | M06.861 | M06.862 | M06.879 | M06.88 | M06.89 | M06.8A | M06.9 | M08.00 | M08.021 | M08.042 | M08.061 | M08.071 | M08.079 | M08.08 | M08.09 | M08.0A | M08.20 | M08.269 | M08.29 | M08.2A | M08.40 | M08.442 | M08.471 | M08.472 | M32.14 | M32.15 | M35.04 | R76.11 | R76.12 | R76.81,21,M32.0 | M32.10 | M32.11 | M32.12 | M32.13 | M32.19 | M32.8 | M32.9 | M35.00 | M35.01 | M35.02 | M35.03 | M35.05 | M35.06 | M35.07 | M35.08 | M35.09 | M35.0B | M35.0C | M35.8 | M35.89,WAREHOUSE_EXECUTABLE_ICD
MULTISPECIALTY,ATTRV,diabetes,diabetes,2,2,E11.42 | E11.9,E11.42 | E11.9,24,E08.21 | E08.22 | E08.40 | E08.41 | E08.42 | E08.43 | E09.21 | E09.42 | E09.43 | E10.22 | E10.40 | E10.41 | E10.42 | E10.43 | E11.22 | E11.40 | E11.41 | E11.43 | E13.21 | E13.22 | E13.40 | E13.41 | E13.42 | E13.43,277,E08.00 | E08.01 | E08.10 | E08.11 | E08.29 | E08.311 | E08.319 | E08.3211 | E08.3213 | E08.3291 | E08.3292 | E08.3293 | E08.3299 | E08.3311 | E08.3312 | E08.3313 | E08.3392 | E08.3393 | E08.3399 | E08.3411 | E08.3412 | E08.3499 | E08.3511 | E08.3512 | E08.3513 | E08.3521 | E08.3522 | E08.3523 | E08.3541 | E08.3552 | E08.3553 | E08.3559 | E08.3591 | E08.3592 | E08.3593 | E08.3599 | E08.36 | E08.39 | E08.44 | E08.49 | E08.51 | E08.52 | E08.610 | E08.618 | E08.620 | E08.621 | E08.622 | E08.628 | E08.641 | E08.649 | E08.65 | E08.69 | E08.8 | E08.9 | E09.00 | E09.10 | E09.59 | E09.621 | E09.638 | E09.65 | E09.69 | E09.8 | E09.9 | E10.10 | E10.11 | E10.29 | E10.311 | E10.319 | E10.3211 | E10.3213 | E10.3219 | E10.3291 | E10.3292 | E10.3293 | E10.3299 | E10.3311 | E10.3312 | E10.3313 | E10.3319 | E10.3391 | E10.3392 | E10.3393 | E10.3399 | E10.3411 | E10.3412 | E10.3413 | E10.3491 | E10.3493 | E10.3511 | E10.3512 | E10.3513 | E10.3519 | E10.3521 | E10.3523 | E10.3529 | E10.3531 | E10.3542 | E10.3553 | E10.3559 | E10.3591 | E10.3592 | E10.3593 | E10.3599 | E10.36 | E10.39 | E10.44 | E10.49 | E10.51 | E10.52 | E10.59 | E10.610 | E10.618 | E10.621 | E10.622 | E10.628 | E10.641 | E10.649 | E10.65 | E10.69 | E10.8 | E10.9 | E10.A1 | E10.A2 | E11.00 | E11.01 | E11.10 | E11.11 | E11.29 | E11.311 | E11.319 | E11.3211 | E11.3212 | E11.3213 | E11.3219 | E11.3291 | E11.3292 | E11.3293 | E11.3299 | E11.3311 | E11.3312 | E11.3313 | E11.3319 | E11.3391 | E11.3392 | E11.3393 | E11.3399 | E11.3411 | E11.3412 | E11.3413 | E11.3419 | E11.3491 | E11.3492 | E11.3493 | E11.3499 | E11.3511 | E11.3512 | E11.3513 | E11.3519 | E11.3521 | E11.3522 | E11.3523 | E11.3529 | E11.3531 | E11.3532 | E11.3533 | E11.3539 | E11.3541 | E11.3542 | E11.3549 | E11.3551 | E11.3552 | E11.3553 | E11.3559 | E11.3591 | E11.3592 | E11.3593 | E11.3599 | E11.36 | E11.37X2 | E11.37X3 | E11.37X9 | E11.39 | E11.44 | E11.49 | E11.51 | E11.52 | E11.59 | E11.610 | E11.618 | E11.620 | E11.621 | E11.622 | E11.628 | E11.630 | E11.638 | E11.641 | E11.649 | E11.65 | E11.69 | E11.8 | E11.A | E13.00 | E13.10 | E13.11 | E13.29 | E13.311 | E13.319 | E13.3293 | E13.3299 | E13.3311 | E13.3313 | E13.3393 | E13.3399 | E13.3413 | E13.3419 | E13.3499 | E13.3533 | E13.3559 | E13.3591 | E13.3592 | E13.3593 | E13.3599 | E13.36 | E13.39 | E13.44 | E13.49 | E13.51 | E13.52 | E13.59 | E13.618 | E13.621 | E13.622 | E13.628 | E13.638 | E13.649 | E13.65 | E13.69 | E13.8 | E13.9 | O24.011 | O24.012 | O24.013 | O24.019 | O24.03 | O24.111 | O24.112 | O24.113 | O24.119 | O24.12 | O24.13 | O24.311 | O24.312 | O24.313 | O24.319 | O24.32 | O24.410 | O24.414 | O24.415 | O24.419 | O24.420 | O24.429 | O24.430 | O24.434 | O24.435 | O24.439 | O24.811 | O24.812 | O24.813 | O24.911 | O24.912 | O24.913 | O24.919 | O24.92 | O24.93 | P70.2 | Z13.1 | Z83.3,WAREHOUSE_EXECUTABLE_ICD
NEPHROLOGY,ATTRV,microalbuminuria,Persistent albuminuria / low-grade protein loss,1,1,R80.9,R80.9,0,,0,,WAREHOUSE_EXECUTABLE_ICD
NEUROLOGY,ATTRV,charcot_arthropathy,charcot arthropathy,43,43,L97.409 | L97.411 | L97.412 | L97.413 | L97.414 | L97.415 | L97.416 | L97.418 | L97.419 | L97.421 | L97.422 | L97.423 | L97.424 | L97.425 | L97.426 | L97.428 | L97.429 | L97.501 | L97.502 | L97.503 | L97.504 | L97.505 | L97.506 | L97.508 | L97.509 | L97.511 | L97.512 | L97.513 | L97.514 | L97.515 | L97.516 | L97.518 | L97.519 | L97.521 | L97.522 | L97.523 | L97.524 | L97.525 | L97.526 | L97.528 | L97.529 | M14.671 | M14.672,L97.409 | L97.411 | L97.412 | L97.413 | L97.414 | L97.415 | L97.416 | L97.418 | L97.419 | L97.421 | L97.422 | L97.423 | L97.424 | L97.425 | L97.426 | L97.428 | L97.429 | L97.501 | L97.502 | L97.503 | L97.504 | L97.505 | L97.506 | L97.508 | L97.509 | L97.511 | L97.512 | L97.513 | L97.514 | L97.515 | L97.516 | L97.518 | L97.519 | L97.521 | L97.522 | L97.523 | L97.524 | L97.525 | L97.526 | L97.528 | L97.529 | M14.671 | M14.672,0,,8,E08.610 | E10.610 | E11.610 | M14.60 | M14.662 | M14.679 | M14.68 | M14.69,WAREHOUSE_EXECUTABLE_ICD
NEUROLOGY,ATTRV,cidp,Chronic inflammatory demyelinating polyneuropathy,1,1,G61.81,G61.81,2,G61.82 | G61.9,1,G61.89,WAREHOUSE_EXECUTABLE_ICD
NEUROLOGY,ATTRV,erectile_dysfunction,erectile dysfunction,1,1,N52.9,N52.9,0,,12,N52.01 | N52.02 | N52.03 | N52.1 | N52.2 | N52.31 | N52.33 | N52.34 | N52.35 | N52.37 | N52.39 | N52.8,WAREHOUSE_EXECUTABLE_ICD
NEUROLOGY,ATTRV,immunotherapy_exposure,immunotherapy exposure,1,1,G61.81,G61.81,0,,0,,WAREHOUSE_EXECUTABLE_ICD
NEUROLOGY,ATTRV,neurogenic_bladder,neurogenic bladder,3,3,N31.9 | R32 | R33.9,N31.9 | R32 | R33.9,0,,3,N31.0 | N31.2 | N31.8,WAREHOUSE_EXECUTABLE_ICD
NEUROLOGY,ATTRV,plantar_ulcer,plantar ulcer,43,43,L97.409 | L97.411 | L97.412 | L97.413 | L97.414 | L97.415 | L97.416 | L97.418 | L97.419 | L97.421 | L97.422 | L97.423 | L97.424 | L97.425 | L97.426 | L97.428 | L97.429 | L97.501 | L97.502 | L97.503 | L97.504 | L97.505 | L97.506 | L97.508 | L97.509 | L97.511 | L97.512 | L97.513 | L97.514 | L97.515 | L97.516 | L97.518 | L97.519 | L97.521 | L97.522 | L97.523 | L97.524 | L97.525 | L97.526 | L97.528 | L97.529 | M14.671 | M14.672,L97.409 | L97.411 | L97.412 | L97.413 | L97.414 | L97.415 | L97.416 | L97.418 | L97.419 | L97.421 | L97.422 | L97.423 | L97.424 | L97.425 | L97.426 | L97.428 | L97.429 | L97.501 | L97.502 | L97.503 | L97.504 | L97.505 | L97.506 | L97.508 | L97.509 | L97.511 | L97.512 | L97.513 | L97.514 | L97.515 | L97.516 | L97.518 | L97.519 | L97.521 | L97.522 | L97.523 | L97.524 | L97.525 | L97.526 | L97.528 | L97.529 | M14.671 | M14.672,0,,87,L97.101 | L97.102 | L97.105 | L97.109 | L97.111 | L97.112 | L97.113 | L97.119 | L97.121 | L97.122 | L97.123 | L97.128 | L97.129 | L97.201 | L97.202 | L97.209 | L97.211 | L97.212 | L97.213 | L97.215 | L97.218 | L97.219 | L97.221 | L97.222 | L97.223 | L97.225 | L97.228 | L97.229 | L97.301 | L97.302 | L97.309 | L97.311 | L97.312 | L97.313 | L97.314 | L97.315 | L97.316 | L97.318 | L97.319 | L97.321 | L97.322 | L97.323 | L97.325 | L97.326 | L97.328 | L97.329 | L97.401 | L97.402 | L97.801 | L97.802 | L97.808 | L97.809 | L97.811 | L97.812 | L97.813 | L97.815 | L97.816 | L97.818 | L97.819 | L97.821 | L97.822 | L97.824 | L97.825 | L97.826 | L97.828 | L97.829 | L97.901 | L97.902 | L97.904 | L97.909 | L97.911 | L97.912 | L97.913 | L97.914 | L97.915 | L97.916 | L97.918 | L97.919 | L97.921 | L97.922 | L97.923 | L97.924 | L97.925 | L97.926 | L97.928 | L97.929 | M14.679,WAREHOUSE_EXECUTABLE_ICD
NEUROLOGY,ATTRV,trophic_change,trophic change,43,43,L97.409 | L97.411 | L97.412 | L97.413 | L97.414 | L97.415 | L97.416 | L97.418 | L97.419 | L97.421 | L97.422 | L97.423 | L97.424 | L97.425 | L97.426 | L97.428 | L97.429 | L97.501 | L97.502 | L97.503 | L97.504 | L97.505 | L97.506 | L97.508 | L97.509 | L97.511 | L97.512 | L97.513 | L97.514 | L97.515 | L97.516 | L97.518 | L97.519 | L97.521 | L97.522 | L97.523 | L97.524 | L97.525 | L97.526 | L97.528 | L97.529 | M14.671 | M14.672,L97.409 | L97.411 | L97.412 | L97.413 | L97.414 | L97.415 | L97.416 | L97.418 | L97.419 | L97.421 | L97.422 | L97.423 | L97.424 | L97.425 | L97.426 | L97.428 | L97.429 | L97.501 | L97.502 | L97.503 | L97.504 | L97.505 | L97.506 | L97.508 | L97.509 | L97.511 | L97.512 | L97.513 | L97.514 | L97.515 | L97.516 | L97.518 | L97.519 | L97.521 | L97.522 | L97.523 | L97.524 | L97.525 | L97.526 | L97.528 | L97.529 | M14.671 | M14.672,0,,49,L97.101 | L97.111 | L97.121 | L97.201 | L97.211 | L97.221 | L97.301 | L97.311 | L97.321 | L97.401 | L97.801 | L97.802 | L97.808 | L97.809 | L97.811 | L97.812 | L97.813 | L97.815 | L97.816 | L97.818 | L97.819 | L97.821 | L97.822 | L97.824 | L97.825 | L97.826 | L97.828 | L97.829 | L97.901 | L97.902 | L97.904 | L97.909 | L97.911 | L97.912 | L97.913 | L97.914 | L97.915 | L97.916 | L97.918 | L97.919 | L97.921 | L97.922 | L97.923 | L97.924 | L97.925 | L97.926 | L97.928 | L97.929 | M14.679,WAREHOUSE_EXECUTABLE_ICD
NEUROLOGY,ATTRV,urinary_incontinence,urinary incontinence,3,3,N31.9 | R32 | R33.9,N31.9 | R32 | R33.9,0,,10,N31.0 | N31.2 | N31.8 | N39.41 | N39.490 | N39.492 | N39.498 | R33.0 | R33.8 | R39.81,WAREHOUSE_EXECUTABLE_ICD
NEUROLOGY,ATTRV,urinary_retention,urinary retention,3,3,N31.9 | R32 | R33.9,N31.9 | R32 | R33.9,0,,6,N31.0 | N31.2 | N31.8 | R33.0 | R33.8 | R39.14,WAREHOUSE_EXECUTABLE_ICD
OPHTHALMOLOGY,ATTRV,dry_eye,dry eye,2,2,H04.123 | H40.9,H04.123 | H40.9,0,,76,H04.121 | H04.122 | H04.129 | H16.222 | H16.223 | H16.229 | H40.001 | H40.002 | H40.009 | H40.011 | H40.012 | H40.019 | H40.021 | H40.031 | H40.032 | H40.039 | H40.041 | H40.042 | H40.051 | H40.052 | H40.053 | H40.059 | H40.1110 | H40.1111 | H40.1112 | H40.1113 | H40.1120 | H40.1121 | H40.1122 | H40.1123 | H40.1190 | H40.1193 | H40.1420 | H40.152 | H40.211 | H40.212 | H40.219 | H40.2210 | H40.2212 | H40.2220 | H40.2222 | H40.2223 | H40.2290 | H40.231 | H40.249 | H40.31X4 | H40.40X0 | H40.40X4 | H40.41X0 | H40.41X2 | H40.41X3 | H40.42X0 | H40.42X2 | H40.43X0 | H40.43X3 | H40.50X0 | H40.51X0 | H40.51X1 | H40.51X2 | H40.51X3 | H40.51X4 | H40.52X0 | H40.52X1 | H40.52X2 | H40.52X3 | H40.52X4 | H40.53X0 | H40.53X1 | H40.53X2 | H40.53X3 | H40.53X4 | H40.62X3 | H40.811 | H40.832 | H40.841 | H40.842,WAREHOUSE_EXECUTABLE_ICD
OPHTHALMOLOGY,ATTRV,floaters,floaters,4,2,H43.20 | H43.21 | H43.22 | H43.23,H43.21 | H43.22,0,,0,,WAREHOUSE_EXECUTABLE_ICD
OPHTHALMOLOGY,ATTRV,glaucoma,glaucoma,2,2,H04.123 | H40.9,H04.123 | H40.9,0,,87,H40.021 | H40.023 | H40.051 | H40.052 | H40.053 | H40.059 | H40.10X0 | H40.10X1 | H40.10X2 | H40.10X3 | H40.10X4 | H40.1110 | H40.1111 | H40.1112 | H40.1113 | H40.1120 | H40.1121 | H40.1122 | H40.1123 | H40.1130 | H40.1131 | H40.1132 | H40.1133 | H40.1134 | H40.1190 | H40.1193 | H40.1230 | H40.1231 | H40.1232 | H40.1233 | H40.1234 | H40.1331 | H40.1420 | H40.152 | H40.20X0 | H40.20X3 | H40.20X4 | H40.211 | H40.212 | H40.213 | H40.219 | H40.2210 | H40.2212 | H40.2220 | H40.2222 | H40.2223 | H40.2230 | H40.2231 | H40.2232 | H40.2233 | H40.2290 | H40.231 | H40.233 | H40.249 | H40.31X4 | H40.40X0 | H40.40X4 | H40.41X0 | H40.41X2 | H40.41X3 | H40.42X0 | H40.42X2 | H40.43X0 | H40.43X3 | H40.50X0 | H40.51X0 | H40.51X1 | H40.51X2 | H40.51X3 | H40.51X4 | H40.52X0 | H40.52X1 | H40.52X2 | H40.52X3 | H40.52X4 | H40.53X0 | H40.53X1 | H40.53X2 | H40.53X3 | H40.53X4 | H40.62X3 | H40.63X0 | H40.811 | H40.841 | H40.842 | H40.843 | H40.89,WAREHOUSE_EXECUTABLE_ICD
OPHTHALMOLOGY,ATTRV,iris_abnormality,iris abnormality,1,1,H21.89,H21.89,0,,22,H21.1X1 | H21.1X2 | H21.1X3 | H21.232 | H21.239 | H21.241 | H21.261 | H21.301 | H21.302 | H21.309 | H21.322 | H21.41 | H21.42 | H21.43 | H21.502 | H21.503 | H21.542 | H21.561 | H21.562 | H21.563 | H21.569 | H21.9,WAREHOUSE_EXECUTABLE_ICD
CARDIOLOGY,ATTRV | ATTRWT,conduction_disease,"AV block, bundle-branch block, or sinus-node disease",21,21,I44.0 | I44.1 | I44.2 | I44.30 | I44.39 | I44.4 | I44.5 | I44.60 | I44.69 | I44.7 | I45.0 | I45.10 | I45.19 | I45.2 | I45.3 | I45.4 | I45.5 | I45.6 | I45.81 | I45.89 | I45.9,I44.0 | I44.1 | I44.2 | I44.30 | I44.39 | I44.4 | I44.5 | I44.60 | I44.69 | I44.7 | I45.0 | I45.10 | I45.19 | I45.2 | I45.3 | I45.4 | I45.5 | I45.6 | I45.81 | I45.89 | I45.9,1,Q24.6,1,I49.5,WAREHOUSE_EXECUTABLE_ICD
CARDIOLOGY,ATTRV | ATTRWT,hf_medication_intolerance,hf medication intolerance,1,1,I95.9,I95.9,0,,4,I95.0 | I95.3 | I95.81 | R03.1,WAREHOUSE_EXECUTABLE_ICD
CARDIOLOGY,ATTRV | ATTRWT,lflg_as,Low-flow low-gradient aortic stenosis,1,1,I35.0,I35.0,0,,3,I35.1 | I35.8 | I35.9,WAREHOUSE_EXECUTABLE_ICD
CARDIOLOGY,ATTRV | ATTRWT,medication_dose_change,medication dose change,1,1,I95.9,I95.9,0,,1,R03.1,WAREHOUSE_EXECUTABLE_ICD
CARDIOLOGY,ATTRV | ATTRWT,pacemaker_presence,pacemaker presence,1,1,Z95.0,Z95.0,0,,4,Z95.810 | Z95.811 | Z95.818 | Z95.9,WAREHOUSE_EXECUTABLE_ICD
ORTHOPEDICS_MSK,ATTRV | ATTRWT,rotator_cuff,Rotator cuff tear / repair,22,20,M65.30 | M65.311 | M65.312 | M65.319 | M65.321 | M65.322 | M65.329 | M65.331 | M65.332 | M65.339 | M65.341 | M65.342 | M65.349 | M65.351 | M65.352 | M65.359 | M65.9 | M66.821 | M66.822 | M75.100 | M75.101 | M75.102,M65.30 | M65.311 | M65.312 | M65.319 | M65.321 | M65.322 | M65.329 | M65.331 | M65.332 | M65.339 | M65.341 | M65.342 | M65.349 | M65.351 | M65.352 | M65.359 | M65.9 | M75.100 | M75.101 | M75.102,27,M75.110 | M75.111 | M75.112 | M75.120 | M75.121 | M75.122 | S46.001A | S46.001D | S46.001S | S46.002A | S46.002D | S46.002S | S46.009A | S46.009D | S46.009S | S46.011A | S46.011D | S46.011S | S46.012A | S46.012D | S46.012S | S46.019A | S46.019D | S46.019S | S46.022D | S46.091A | S46.092A,26,M65.011 | M65.811 | M65.812 | M65.911 | M66.0 | M66.18 | M66.241 | M66.242 | M66.251 | M66.271 | M66.311 | M66.362 | M66.372 | M66.841 | M66.871 | M66.872 | M75.30 | M75.31 | M75.32 | M75.50 | M75.51 | M75.52 | M75.81 | M75.82 | M75.91 | M75.92,WAREHOUSE_EXECUTABLE_ICD
AUDIOLOGY,ATTRWT,age_excessive_snhl,Bilateral sensorineural hearing loss disproportionate to age,4,4,H90.3 | H90.5 | H91.8X3 | H91.8X9,H90.3 | H90.5 | H91.8X3 | H91.8X9,0,,54,H90.0 | H90.11 | H90.12 | H90.2 | H90.41 | H90.42 | H90.6 | H90.71 | H90.72 | H90.8 | H90.A11 | H90.A12 | H90.A21 | H90.A22 | H90.A31 | H90.A32 | H91.01 | H91.02 | H91.11 | H91.12 | H91.20 | H91.21 | H91.22 | H91.23 | H91.8X1 | H91.8X2 | H91.90 | H91.91 | H91.92 | H91.93 | S06.1X6A | S06.1X6D | S06.2X5D | S06.2X5S | S06.2X6A | S06.2X6D | S06.2X6S | S06.335A | S06.335S | S06.365S | S06.5X5A | S06.5X5S | S06.5X6A | S06.5X6D | S06.895A | S06.895D | S06.895S | S06.9X5A | S06.9X5D | S06.9X5S | S06.9X6A | S06.9X6D | S06.9X6S | Z68.56,WAREHOUSE_EXECUTABLE_ICD
CARDIOLOGY,ATTRWT,as_valve,Severe aortic stenosis,4,4,I06.0 | I06.2 | I35.0 | I35.2,I06.0 | I06.2 | I35.0 | I35.2,1,Q23.0,6,I06.1 | I06.8 | I06.9 | I35.1 | I35.8 | I35.9,WAREHOUSE_EXECUTABLE_ICD
CARDIOLOGY,ATTRWT,asymmetric_septal_hypertrophy,Asymmetric / basal septal hypertrophy,1,1,I42.2,I42.2,0,,0,,WAREHOUSE_EXECUTABLE_ICD
CARDIOLOGY,ATTRWT,hypertension,Hypertension,4,4,I10 | I11.0 | I11.9 | I13.10,I10 | I11.0 | I11.9 | I13.10,6,I13.11 | I13.2 | O10.211 | O10.212 | O10.213 | O10.219,0,,WAREHOUSE_EXECUTABLE_ICD
CARDIOLOGY,ATTRWT,hypertrophic_cardiomyopathy,Hypertrophic cardiomyopathy,2,2,I42.1 | I42.2,I42.1 | I42.2,0,,0,,WAREHOUSE_EXECUTABLE_ICD
CARDIOLOGY,ATTRWT,pacemaker_implantation,Pacemaker implantation,1,1,Z95.0,Z95.0,0,,25,T82.9XXA | T82.9XXD | T82.9XXS | T83.69XA | T83.9XXA | T83.9XXD | T83.9XXS | T84.9XXA | T84.9XXD | T84.9XXS | T85.615A | T85.695A | T85.695D | T85.738A | T85.738D | T85.738S | T85.9XXA | T85.9XXD | T85.9XXS | Z95.5 | Z95.811 | Z95.818 | Z95.820 | Z95.828 | Z95.9,WAREHOUSE_EXECUTABLE_ICD
CARDIOLOGY,ATTRWT,tavr,Aortic valve replacement,3,3,Z95.2 | Z95.3 | Z95.4,Z95.2 | Z95.3 | Z95.4,0,,0,,WAREHOUSE_EXECUTABLE_ICD
LABORATORY,ATTRWT,elevated_uric_acid,Elevated serum uric acid,1,1,E79.0,E79.0,0,,2,T50.4X5A | T50.4X5S,WAREHOUSE_EXECUTABLE_ICD
NEUROLOGY,ATTRWT,mild_sensory_polyneuropathy,Mild-to-moderate length-dependent sensory polyneuropathy,3,3,G60.9 | G62.89 | G62.9,G60.9 | G62.89 | G62.9,7,G60.0 | G60.3 | G62.0 | G62.1 | G62.2 | G62.81 | G62.82,0,,WAREHOUSE_EXECUTABLE_ICD
ORTHOPEDICS,ATTRWT,arthroplasty,Hip or knee arthroplasty,8,6,Z96.64 | Z96.641 | Z96.642 | Z96.643 | Z96.65 | Z96.651 | Z96.652 | Z96.653,Z96.641 | Z96.642 | Z96.643 | Z96.651 | Z96.652 | Z96.653,0,,10,Z96.60 | Z96.611 | Z96.612 | Z96.619 | Z96.621 | Z96.622 | Z96.649 | Z96.659 | Z96.661 | Z96.698,WAREHOUSE_EXECUTABLE_ICD
ORTHOPEDICS,ATTRWT,lumbar_decompression,Lumbar decompression / laminectomy,1,1,Z98.890,Z98.890,0,,3,Z98.818 | Z98.84 | Z98.891,WAREHOUSE_EXECUTABLE_ICD
ORTHOPEDICS,ATTRWT,shoulder_disorder,Other shoulder disorder,10,10,M75.00 | M75.01 | M75.02 | M75.20 | M75.21 | M75.22 | M75.40 | M75.41 | M75.42 | M75.80,M75.00 | M75.01 | M75.02 | M75.20 | M75.21 | M75.22 | M75.40 | M75.41 | M75.42 | M75.80,27,M75.110 | M75.111 | M75.112 | M75.120 | M75.121 | M75.122 | S46.001A | S46.001D | S46.001S | S46.002A | S46.002D | S46.002S | S46.009A | S46.009D | S46.009S | S46.011A | S46.011D | S46.011S | S46.012A | S46.012D | S46.012S | S46.019A | S46.019D | S46.019S | S46.022D | S46.091A | S46.092A,10,M75.30 | M75.31 | M75.32 | M75.50 | M75.51 | M75.52 | M75.81 | M75.82 | M75.91 | M75.92,WAREHOUSE_EXECUTABLE_ICD
ORTHOPEDICS,ATTRWT,spontaneous_atraumatic_rupture,Spontaneous / trivial-trauma rupture mechanism,4,1,M66.38 | M66.8 | M66.88 | M66.9,M66.38,0,,12,M66.0 | M66.18 | M66.241 | M66.242 | M66.251 | M66.271 | M66.311 | M66.362 | M66.372 | M66.841 | M66.871 | M66.872,WAREHOUSE_EXECUTABLE_ICD
ORTHOPEDICS,ATTRWT,trigger_release,Trigger finger release procedure,1,1,Z98.890,Z98.890,0,,1,Z98.818,WAREHOUSE_EXECUTABLE_ICD
