system,code,warehouse_meaning,warehouse_row_count,warehouse_patient_count,atom_count,direct_atom_count,atom_ids,atom_names,phenotypes,mapping_roles,audit_flag
ICD10,I10,Essential (primary) hypertension,1286844,71150,5,5,al33_competing_cardiomyopathy | hypertension | wt09_competing_hf_cause | wt11_competing_af_cause | wt13_sarcomeric_hcm,Competing cause of atrial fibrillation | Competing cause of cardiomyopathy | Competing cause of heart failure | Hypertension | Sarcomeric HCM / hypertensive remodeling,ATTRWT,DIRECT_TARGET,CONFLICTING_DIRECT_REUSE
ICD10,R11.2,"Nausea with vomiting, unspecified",127557,18268,5,5,delayed_gastric_emptying | early_satiety | gastroparesis | nausea | vomiting,Gastroparesis / delayed gastric emptying | delayed gastric emptying | early satiety | nausea | vomiting,AL | ATTRV | AL | ATTRV | ATTRWT,DIRECT_TARGET,CONFLICTING_DIRECT_REUSE
ICD10,R19.7,"Diarrhea, unspecified",79604,13107,3,3,constipation | diarrhea | gi_dysmotility,Unexplained gastrointestinal dysmotility | constipation | diarrhea,AL | ATTRV | AL | ATTRV | ATTRWT,DIRECT_TARGET,CONFLICTING_DIRECT_REUSE
ICD10,D64.9,"Anemia, unspecified",110557,11621,2,2,al20_competing_dyspnea | al29_competing_hypotension,Competing cause of dyspnea | Competing cause of hypotension or syncope,,DIRECT_TARGET,CONFLICTING_DIRECT_REUSE
ICD10,K59.00,"Constipation, unspecified",49346,11282,3,3,constipation | diarrhea | gi_dysmotility,Unexplained gastrointestinal dysmotility | constipation | diarrhea,AL | ATTRV | AL | ATTRV | ATTRWT,DIRECT_TARGET,CONFLICTING_DIRECT_REUSE
ICD10,Z98.890,Other specified postprocedural states,50279,9543,3,3,ctr_any | lumbar_decompression | trigger_release,Carpal tunnel release procedure | Lumbar decompression / laminectomy | Trigger finger release procedure,AL | ATTRWT | ATTRWT,DIRECT_TARGET,CONFLICTING_DIRECT_REUSE
ICD10,A41.9,"Sepsis, unspecified organism",139614,7416,3,3,al17_competing_biomarker | al29_competing_hypotension | wt18_competing_hypotension,Competing cause of cardiac biomarker elevation | Competing cause of falling blood pressure | Competing cause of hypotension or syncope,,DIRECT_TARGET,CONFLICTING_DIRECT_REUSE
ICD10,E66.9,"Obesity, unspecified",34183,7295,2,2,al20_competing_dyspnea | wt11_competing_af_cause,Competing cause of atrial fibrillation | Competing cause of dyspnea,,DIRECT_TARGET,CONFLICTING_DIRECT_REUSE
ICD10,R94.31,Abnormal electrocardiogram [ECG] [EKG],16773,6593,2,2,low_ecg_voltage | pseudo_infarct,Low QRS voltage | Pseudo-infarction ECG pattern,AL | ATTRWT,DIRECT_TARGET,CONFLICTING_DIRECT_REUSE
ICD10,K74.60,Unspecified cirrhosis of liver,157162,5609,4,4,al05_competing_hypoalbuminemia | al18_congestive_hepatopathy | al28_competing_effusion | al34_competing_edema,Competing cause of edema | Competing cause of hypoalbuminemia or edema | Competing cause of serosal effusion | Congestive hepatopathy or competing liver disease,,DIRECT_TARGET,CONFLICTING_DIRECT_REUSE
ICD10,I50.9,"Heart failure, unspecified",60615,5219,5,5,al05_competing_hypoalbuminemia | al20_competing_dyspnea | al28_competing_effusion | al34_competing_edema | hf_any,Competing cause of dyspnea | Competing cause of edema | Competing cause of hypoalbuminemia or edema | Competing cause of serosal effusion | Heart failure,AL | ATTRWT,DIRECT_TARGET,CONFLICTING_DIRECT_REUSE
ICD10,R13.10,"Dysphagia, unspecified",24927,5113,4,4,choking | dysarthria | dysphagia | hoarseness,choking | dysarthria | dysphagia | hoarseness,AL | ATTRV | ATTRV,DIRECT_TARGET,CONFLICTING_DIRECT_REUSE
ICD10,R20.2,Paresthesia of skin,24650,4537,2,2,sensory_loss | sfn,Sensory loss | Small-fiber neuropathy,AL | AL | ATTRV | ATTRWT,DIRECT_TARGET,CONFLICTING_DIRECT_REUSE
ICD10,I48.91,Unspecified atrial fibrillation,47508,3798,3,3,af | al17_competing_biomarker | arrhythmia,Atrial fibrillation or flutter | Competing cause of cardiac biomarker elevation | arrhythmia,AL | ATTRV | ATTRWT | ATTRV,DIRECT_TARGET,CONFLICTING_DIRECT_REUSE
ICD10,R63.4,Abnormal weight loss,22078,3558,2,2,unintentional_weight_loss | wt18_competing_hypotension,Competing cause of falling blood pressure | Unintentional weight loss / declining BMI,AL | ATTRV,DIRECT_TARGET,CONFLICTING_DIRECT_REUSE
ICD10,E11.21,Type 2 diabetes mellitus with diabetic nephropathy,164501,3153,2,2,al03_competing_proteinuria | al04_competing_nephrotic,Competing cause of nephrotic syndrome | Competing cause of proteinuria,,DIRECT_TARGET,CONFLICTING_DIRECT_REUSE
ICD10,I48.0,Paroxysmal atrial fibrillation,40961,2965,2,2,af | arrhythmia,Atrial fibrillation or flutter | arrhythmia,AL | ATTRV | ATTRWT | ATTRV,DIRECT_TARGET,CONFLICTING_DIRECT_REUSE
ICD10,I11.0,Hypertensive heart disease with heart failure,12226,2429,5,5,al33_competing_cardiomyopathy | hypertension | wt09_competing_hf_cause | wt11_competing_af_cause | wt13_sarcomeric_hcm,Competing cause of atrial fibrillation | Competing cause of cardiomyopathy | Competing cause of heart failure | Hypertension | Sarcomeric HCM / hypertensive remodeling,ATTRWT,DIRECT_TARGET,CONFLICTING_DIRECT_REUSE
ICD10,E86.0,Dehydration,16563,2392,2,2,al29_competing_hypotension | wt18_competing_hypotension,Competing cause of falling blood pressure | Competing cause of hypotension or syncope,,DIRECT_TARGET,CONFLICTING_DIRECT_REUSE
ICD10,I95.9,"Hypotension, unspecified",18424,2374,3,3,hf_medication_intolerance | hypotension | medication_dose_change,Hypotension | hf medication intolerance | medication dose change,AL | ATTRV | ATTRWT,DIRECT_TARGET,CONFLICTING_DIRECT_REUSE
ICD10,K70.30,Alcoholic cirrhosis of liver without ascites,135279,2372,4,4,al05_competing_hypoalbuminemia | al18_congestive_hepatopathy | al28_competing_effusion | al34_competing_edema,Competing cause of edema | Competing cause of hypoalbuminemia or edema | Competing cause of serosal effusion | Congestive hepatopathy or competing liver disease,,DIRECT_TARGET,CONFLICTING_DIRECT_REUSE
ICD10,I51.7,Cardiomegaly,8045,2300,4,4,cardiomegaly | hfpef | thick_walls | wt12_competing_conduction_cause,Cardiomegaly | Competing cause of conduction disease | Heart failure with preserved ejection fraction | Unexplained left-ventricular wall thickness / LVH,AL | AL | ATTRV | ATTRWT,DIRECT_TARGET,CONFLICTING_DIRECT_REUSE
ICD10,N18.4,"Chronic kidney disease, stage 4 (severe)",61150,2206,4,4,al17_competing_biomarker | egfr_result | falling_egfr | renal_dysfunction,Competing cause of cardiac biomarker elevation | Estimated glomerular filtration rate | Falling eGFR / rising creatinine | Renal dysfunction / chronic kidney disease,AL | AL | ATTRWT,DIRECT_TARGET,CONFLICTING_DIRECT_REUSE
ICD10,I87.2,Venous insufficiency (chronic) (peripheral),21317,2205,2,2,al05_competing_hypoalbuminemia | al34_competing_edema,Competing cause of edema | Competing cause of hypoalbuminemia or edema,,DIRECT_TARGET,CONFLICTING_DIRECT_REUSE
ICD10,K76.9,"Liver disease, unspecified",22676,2143,2,2,al05_competing_hypoalbuminemia | al18_congestive_hepatopathy,Competing cause of hypoalbuminemia or edema | Congestive hepatopathy or competing liver disease,,DIRECT_TARGET,CONFLICTING_DIRECT_REUSE
ICD10,I50.32,Chronic diastolic (congestive) heart failure,23838,2077,3,3,hf_any | hfpef | thick_walls,Heart failure | Heart failure with preserved ejection fraction | Unexplained left-ventricular wall thickness / LVH,AL | ATTRV | ATTRWT | AL | ATTRWT,DIRECT_TARGET,CONFLICTING_DIRECT_REUSE
ICD10,R32,Unspecified urinary incontinence,8418,2071,3,3,neurogenic_bladder | urinary_incontinence | urinary_retention,neurogenic bladder | urinary incontinence | urinary retention,ATTRV,DIRECT_TARGET,CONFLICTING_DIRECT_REUSE
ICD10,N18.9,"Chronic kidney disease, unspecified",48174,1876,7,7,al03_competing_proteinuria | al05_competing_hypoalbuminemia | al17_competing_biomarker | al34_competing_edema | egfr_result | renal_dysfunction | wt18_competing_hypotension,Competing cause of cardiac biomarker elevation | Competing cause of edema | Competing cause of falling blood pressure | Competing cause of hypoalbuminemia or edema | Competing cause of proteinuria | Estimated glomerular filtration rate | Renal dysfunction / chronic kidney disease,AL | AL | ATTRWT,DIRECT_TARGET,CONFLICTING_DIRECT_REUSE
ICD10,R33.9,"Retention of urine, unspecified",11547,1762,3,3,neurogenic_bladder | urinary_incontinence | urinary_retention,neurogenic bladder | urinary incontinence | urinary retention,ATTRV,DIRECT_TARGET,CONFLICTING_DIRECT_REUSE
ICD10,R53.81,Other malaise,14226,1687,2,2,fatigue | malaise,Fatigue | Malaise,AL,DIRECT_TARGET,CONFLICTING_DIRECT_REUSE
ICD10,I35.0,Nonrheumatic aortic (valve) stenosis,25738,1666,4,4,al33_competing_cardiomyopathy | as_valve | lflg_as | wt09_competing_hf_cause,Competing cause of cardiomyopathy | Competing cause of heart failure | Low-flow low-gradient aortic stenosis | Severe aortic stenosis,ATTRV | ATTRWT | ATTRWT,DIRECT_TARGET,CONFLICTING_DIRECT_REUSE
ICD10,R80.9,"Proteinuria, unspecified",9355,1463,3,3,microalbuminuria | persistent_proteinuria | progressive_proteinuria,Persistent albuminuria / low-grade protein loss | Persistent proteinuria | Progressive proteinuria,AL | ATTRV,DIRECT_TARGET,CONFLICTING_DIRECT_REUSE
ICD10,N18.5,"Chronic kidney disease, stage 5",53561,1260,4,4,al17_competing_biomarker | egfr_result | falling_egfr | kidney_failure,Competing cause of cardiac biomarker elevation | Estimated glomerular filtration rate | Falling eGFR / rising creatinine | Kidney failure / end-stage renal disease,AL | AL | ATTRWT,DIRECT_TARGET,CONFLICTING_DIRECT_REUSE
ICD10,R13.19,Other dysphagia,6359,1226,4,4,choking | dysarthria | dysphagia | hoarseness,choking | dysarthria | dysphagia | hoarseness,AL | ATTRV | ATTRV,DIRECT_TARGET,CONFLICTING_DIRECT_REUSE
ICD10,R49.0,Dysphonia,5858,1222,4,4,choking | dysarthria | dysphagia | hoarseness,choking | dysarthria | dysphagia | hoarseness,AL | ATTRV | ATTRV,DIRECT_TARGET,CONFLICTING_DIRECT_REUSE
ICD10,I34.0,Nonrheumatic mitral (valve) insufficiency,12728,1187,2,2,wt09_competing_hf_cause | wt11_competing_af_cause,Competing cause of atrial fibrillation | Competing cause of heart failure,,DIRECT_TARGET,CONFLICTING_DIRECT_REUSE
ICD10,I26.99,Other pulmonary embolism without acute cor pulmonale,14912,1086,3,3,al17_competing_biomarker | al20_competing_dyspnea | al28_competing_effusion,Competing cause of cardiac biomarker elevation | Competing cause of dyspnea | Competing cause of serosal effusion,,DIRECT_TARGET,CONFLICTING_DIRECT_REUSE
ICD10,I11.9,Hypertensive heart disease without heart failure,7874,827,4,4,al33_competing_cardiomyopathy | hypertension | wt09_competing_hf_cause | wt13_sarcomeric_hcm,Competing cause of cardiomyopathy | Competing cause of heart failure | Hypertension | Sarcomeric HCM / hypertensive remodeling,ATTRWT,DIRECT_TARGET,CONFLICTING_DIRECT_REUSE
ICD10,K31.84,Gastroparesis,6831,805,6,6,delayed_gastric_emptying | early_satiety | gastroparesis | nausea | unintentional_weight_loss | vomiting,Gastroparesis / delayed gastric emptying | Unintentional weight loss / declining BMI | delayed gastric emptying | early satiety | nausea | vomiting,AL | ATTRV | AL | ATTRV | ATTRWT,DIRECT_TARGET,CONFLICTING_DIRECT_REUSE
ICD10,N31.9,"Neuromuscular dysfunction of bladder, unspecified",6855,768,3,3,neurogenic_bladder | urinary_incontinence | urinary_retention,neurogenic bladder | urinary incontinence | urinary retention,ATTRV,DIRECT_TARGET,CONFLICTING_DIRECT_REUSE
ICD10,I95.1,Orthostatic hypotension,4432,721,2,2,hypotension | orthostatic_intolerance,Hypotension | orthostatic intolerance,AL | AL | ATTRV,DIRECT_TARGET,CONFLICTING_DIRECT_REUSE
ICD10,I42.9,"Cardiomyopathy, unspecified",5730,716,3,3,hfpef | restrictive_cardiomyopathy | thick_walls,Heart failure with preserved ejection fraction | Restrictive cardiomyopathy | Unexplained left-ventricular wall thickness / LVH,AL | AL | ATTRV | ATTRWT,DIRECT_TARGET,CONFLICTING_DIRECT_REUSE
ICD10,I48.19,Other persistent atrial fibrillation,6814,629,2,2,af | arrhythmia,Atrial fibrillation or flutter | arrhythmia,AL | ATTRV | ATTRWT | ATTRV,DIRECT_TARGET,CONFLICTING_DIRECT_REUSE
ICD10,I48.11,Longstanding persistent atrial fibrillation,7223,594,2,2,af | arrhythmia,Atrial fibrillation or flutter | arrhythmia,AL | ATTRV | ATTRWT | ATTRV,DIRECT_TARGET,CONFLICTING_DIRECT_REUSE
ICD10,H04.123,Dry eye syndrome of bilateral lacrimal glands,2813,590,2,2,dry_eye | glaucoma,dry eye | glaucoma,ATTRV,DIRECT_TARGET,CONFLICTING_DIRECT_REUSE
ICD10,M65.331,"Trigger finger, right middle finger",3211,575,3,3,biceps_rupture | rotator_cuff | trigger_finger,"Rotator cuff tear / repair | Spontaneous distal biceps tendon rupture (""Popeye sign"") | Trigger finger / stenosing tenosynovitis",AL | ATTRV | ATTRWT | ATTRV | ATTRWT,DIRECT_TARGET,CONFLICTING_DIRECT_REUSE
ICD10,I48.20,"Chronic atrial fibrillation, unspecified",6028,571,2,2,af | arrhythmia,Atrial fibrillation or flutter | arrhythmia,AL | ATTRV | ATTRWT | ATTRV,DIRECT_TARGET,CONFLICTING_DIRECT_REUSE
ICD10,I50.33,Acute on chronic diastolic (congestive) heart failure,5789,570,2,2,hfpef | thick_walls,Heart failure with preserved ejection fraction | Unexplained left-ventricular wall thickness / LVH,AL | ATTRV | ATTRWT,DIRECT_TARGET,CONFLICTING_DIRECT_REUSE
ICD10,L97.512,Non-pressure chronic ulcer of other part of right foot with fat layer exposed,14546,563,3,3,charcot_arthropathy | plantar_ulcer | trophic_change,charcot arthropathy | plantar ulcer | trophic change,ATTRV,DIRECT_TARGET,CONFLICTING_DIRECT_REUSE
ICD10,N18.3,"Chronic kidney disease, stage 3 (moderate)",3320,525,3,3,egfr_result | falling_egfr | renal_dysfunction,Estimated glomerular filtration rate | Falling eGFR / rising creatinine | Renal dysfunction / chronic kidney disease,AL | AL | ATTRWT,DIRECT_TARGET,CONFLICTING_DIRECT_REUSE
ICD10,R80.1,"Persistent proteinuria, unspecified",3717,514,2,2,persistent_proteinuria | progressive_proteinuria,Persistent proteinuria | Progressive proteinuria,AL,DIRECT_TARGET,CONFLICTING_DIRECT_REUSE
ICD10,I42.8,Other cardiomyopathies,6092,497,2,2,restrictive_cardiomyopathy | thick_walls,Restrictive cardiomyopathy | Unexplained left-ventricular wall thickness / LVH,AL | AL | ATTRV | ATTRWT,DIRECT_TARGET,CONFLICTING_DIRECT_REUSE
ICD10,L97.522,Non-pressure chronic ulcer of other part of left foot with fat layer exposed,8640,490,3,3,charcot_arthropathy | plantar_ulcer | trophic_change,charcot arthropathy | plantar ulcer | trophic change,ATTRV,DIRECT_TARGET,CONFLICTING_DIRECT_REUSE
ICD10,M75.101,"Unspecified rotator cuff tear or rupture of right shoulder, not specified as traumatic",3588,489,3,3,biceps_rupture | rotator_cuff | trigger_finger,"Rotator cuff tear / repair | Spontaneous distal biceps tendon rupture (""Popeye sign"") | Trigger finger / stenosing tenosynovitis",AL | ATTRV | ATTRWT | ATTRV | ATTRWT,DIRECT_TARGET,CONFLICTING_DIRECT_REUSE
ICD10,I25.5,Ischemic cardiomyopathy,2233,416,2,2,al33_competing_cardiomyopathy | wt09_competing_hf_cause,Competing cause of cardiomyopathy | Competing cause of heart failure,,DIRECT_TARGET,CONFLICTING_DIRECT_REUSE
ICD10,L97.519,Non-pressure chronic ulcer of other part of right foot with unspecified severity,3581,405,3,3,charcot_arthropathy | plantar_ulcer | trophic_change,charcot arthropathy | plantar ulcer | trophic change,ATTRV,DIRECT_TARGET,CONFLICTING_DIRECT_REUSE
ICD10,R47.1,Dysarthria and anarthria,2605,402,4,4,choking | dysarthria | dysphagia | hoarseness,choking | dysarthria | dysphagia | hoarseness,AL | ATTRV | ATTRV,DIRECT_TARGET,CONFLICTING_DIRECT_REUSE
ICD10,I44.2,"Atrioventricular block, complete",2876,396,3,3,af | arrhythmia | conduction_disease,"AV block, bundle-branch block, or sinus-node disease | Atrial fibrillation or flutter | arrhythmia",AL | ATTRV | ATTRWT | ATTRV | ATTRV | ATTRWT,DIRECT_TARGET,CONFLICTING_DIRECT_REUSE
ICD10,L97.511,Non-pressure chronic ulcer of other part of right foot limited to breakdown of skin,3655,382,3,3,charcot_arthropathy | plantar_ulcer | trophic_change,charcot arthropathy | plantar ulcer | trophic change,ATTRV,DIRECT_TARGET,CONFLICTING_DIRECT_REUSE
ICD10,M65.332,"Trigger finger, left middle finger",2445,381,3,3,biceps_rupture | rotator_cuff | trigger_finger,"Rotator cuff tear / repair | Spontaneous distal biceps tendon rupture (""Popeye sign"") | Trigger finger / stenosing tenosynovitis",AL | ATTRV | ATTRWT | ATTRV | ATTRWT,DIRECT_TARGET,CONFLICTING_DIRECT_REUSE
ICD10,M65.311,"Trigger thumb, right thumb",2076,377,3,3,biceps_rupture | rotator_cuff | trigger_finger,"Rotator cuff tear / repair | Spontaneous distal biceps tendon rupture (""Popeye sign"") | Trigger finger / stenosing tenosynovitis",AL | ATTRV | ATTRWT | ATTRV | ATTRWT,DIRECT_TARGET,CONFLICTING_DIRECT_REUSE
ICD10,I42.0,Dilated cardiomyopathy,2926,375,2,2,thick_walls | wt09_competing_hf_cause,Competing cause of heart failure | Unexplained left-ventricular wall thickness / LVH,AL | ATTRV | ATTRWT,DIRECT_TARGET,CONFLICTING_DIRECT_REUSE
ICD10,M65.9,"Synovitis and tenosynovitis, unspecified",4431,371,3,3,biceps_rupture | rotator_cuff | trigger_finger,"Rotator cuff tear / repair | Spontaneous distal biceps tendon rupture (""Popeye sign"") | Trigger finger / stenosing tenosynovitis",AL | ATTRV | ATTRWT | ATTRV | ATTRWT,DIRECT_TARGET,CONFLICTING_DIRECT_REUSE
ICD10,R68.81,Early satiety,1161,349,5,5,delayed_gastric_emptying | early_satiety | gastroparesis | nausea | vomiting,Gastroparesis / delayed gastric emptying | delayed gastric emptying | early satiety | nausea | vomiting,AL | ATTRV | AL | ATTRV | ATTRWT,DIRECT_TARGET,CONFLICTING_DIRECT_REUSE
ICD10,H40.9,Unspecified glaucoma,1763,347,2,2,dry_eye | glaucoma,dry eye | glaucoma,ATTRV,DIRECT_TARGET,CONFLICTING_DIRECT_REUSE
ICD10,L97.529,Non-pressure chronic ulcer of other part of left foot with unspecified severity,4250,339,3,3,charcot_arthropathy | plantar_ulcer | trophic_change,charcot arthropathy | plantar ulcer | trophic change,ATTRV,DIRECT_TARGET,CONFLICTING_DIRECT_REUSE
ICD10,L97.521,Non-pressure chronic ulcer of other part of left foot limited to breakdown of skin,2964,336,3,3,charcot_arthropathy | plantar_ulcer | trophic_change,charcot arthropathy | plantar ulcer | trophic change,ATTRV,DIRECT_TARGET,CONFLICTING_DIRECT_REUSE
ICD10,M75.102,"Unspecified rotator cuff tear or rupture of left shoulder, not specified as traumatic",2434,326,3,3,biceps_rupture | rotator_cuff | trigger_finger,"Rotator cuff tear / repair | Spontaneous distal biceps tendon rupture (""Popeye sign"") | Trigger finger / stenosing tenosynovitis",AL | ATTRV | ATTRWT | ATTRV | ATTRWT,DIRECT_TARGET,CONFLICTING_DIRECT_REUSE
ICD10,M65.341,"Trigger finger, right ring finger",1998,323,3,3,biceps_rupture | rotator_cuff | trigger_finger,"Rotator cuff tear / repair | Spontaneous distal biceps tendon rupture (""Popeye sign"") | Trigger finger / stenosing tenosynovitis",AL | ATTRV | ATTRWT | ATTRV | ATTRWT,DIRECT_TARGET,CONFLICTING_DIRECT_REUSE
ICD10,I42.2,Other hypertrophic cardiomyopathy,3940,318,4,4,asymmetric_septal_hypertrophy | hypertrophic_cardiomyopathy | thick_walls | wt13_sarcomeric_hcm,Asymmetric / basal septal hypertrophy | Hypertrophic cardiomyopathy | Sarcomeric HCM / hypertensive remodeling | Unexplained left-ventricular wall thickness / LVH,AL | ATTRV | ATTRWT | ATTRWT,DIRECT_TARGET,CONFLICTING_DIRECT_REUSE
ICD10,Z95.0,Presence of cardiac pacemaker,1424,318,4,4,af | arrhythmia | pacemaker_implantation | pacemaker_presence,Atrial fibrillation or flutter | Pacemaker implantation | arrhythmia | pacemaker presence,AL | ATTRV | ATTRWT | ATTRV | ATTRV | ATTRWT | ATTRWT,DIRECT_TARGET,CONFLICTING_DIRECT_REUSE
ICD10,M65.312,"Trigger thumb, left thumb",1242,276,3,3,biceps_rupture | rotator_cuff | trigger_finger,"Rotator cuff tear / repair | Spontaneous distal biceps tendon rupture (""Popeye sign"") | Trigger finger / stenosing tenosynovitis",AL | ATTRV | ATTRWT | ATTRV | ATTRWT,DIRECT_TARGET,CONFLICTING_DIRECT_REUSE
ICD10,M65.30,"Trigger finger, unspecified finger",1195,275,3,3,biceps_rupture | rotator_cuff | trigger_finger,"Rotator cuff tear / repair | Spontaneous distal biceps tendon rupture (""Popeye sign"") | Trigger finger / stenosing tenosynovitis",AL | ATTRV | ATTRWT | ATTRV | ATTRWT,DIRECT_TARGET,CONFLICTING_DIRECT_REUSE
ICD10,G60.9,"Hereditary and idiopathic neuropathy, unspecified",1561,249,2,2,mild_sensory_polyneuropathy | sfn,Mild-to-moderate length-dependent sensory polyneuropathy | Small-fiber neuropathy,AL | ATTRV | ATTRWT | ATTRWT,DIRECT_TARGET,CONFLICTING_DIRECT_REUSE
ICD10,N04.9,Nephrotic syndrome with unspecified morphologic changes,9810,241,2,2,al28_competing_effusion | nephrotic_syndrome,Competing cause of serosal effusion | Nephrotic syndrome,AL,DIRECT_TARGET,CONFLICTING_DIRECT_REUSE
ICD10,I48.21,Permanent atrial fibrillation,3420,230,2,2,af | arrhythmia,Atrial fibrillation or flutter | arrhythmia,AL | ATTRV | ATTRWT | ATTRV,DIRECT_TARGET,CONFLICTING_DIRECT_REUSE
ICD10,M65.342,"Trigger finger, left ring finger",1212,227,3,3,biceps_rupture | rotator_cuff | trigger_finger,"Rotator cuff tear / repair | Spontaneous distal biceps tendon rupture (""Popeye sign"") | Trigger finger / stenosing tenosynovitis",AL | ATTRV | ATTRWT | ATTRV | ATTRWT,DIRECT_TARGET,CONFLICTING_DIRECT_REUSE
ICD10,I48.3,Typical atrial flutter,2048,222,2,2,af | arrhythmia,Atrial fibrillation or flutter | arrhythmia,AL | ATTRV | ATTRWT | ATTRV,DIRECT_TARGET,CONFLICTING_DIRECT_REUSE
ICD10,K59.1,Functional diarrhea,1251,220,3,3,constipation | diarrhea | gi_dysmotility,Unexplained gastrointestinal dysmotility | constipation | diarrhea,AL | ATTRV | AL | ATTRV | ATTRWT,DIRECT_TARGET,CONFLICTING_DIRECT_REUSE
ICD10,I95.2,Hypotension due to drugs,1167,214,2,2,al29_competing_hypotension | wt18_competing_hypotension,Competing cause of falling blood pressure | Competing cause of hypotension or syncope,,DIRECT_TARGET,CONFLICTING_DIRECT_REUSE
ICD10,I42.1,Obstructive hypertrophic cardiomyopathy,2494,204,4,4,al33_competing_cardiomyopathy | hypertrophic_cardiomyopathy | thick_walls | wt09_competing_hf_cause,Competing cause of cardiomyopathy | Competing cause of heart failure | Hypertrophic cardiomyopathy | Unexplained left-ventricular wall thickness / LVH,AL | ATTRV | ATTRWT | ATTRWT,DIRECT_TARGET,CONFLICTING_DIRECT_REUSE
ICD10,M65.321,"Trigger finger, right index finger",1120,203,3,3,biceps_rupture | rotator_cuff | trigger_finger,"Rotator cuff tear / repair | Spontaneous distal biceps tendon rupture (""Popeye sign"") | Trigger finger / stenosing tenosynovitis",AL | ATTRV | ATTRWT | ATTRV | ATTRWT,DIRECT_TARGET,CONFLICTING_DIRECT_REUSE
ICD10,I13.10,"Hypertensive heart and chronic kidney disease without heart failure, with stage 1 through stage 4 chronic kidney disease, or unspecified chronic kidney disease",1357,200,2,2,al03_competing_proteinuria | hypertension,Competing cause of proteinuria | Hypertension,ATTRWT,DIRECT_TARGET,CONFLICTING_DIRECT_REUSE
ICD10,I44.1,"Atrioventricular block, second degree",771,193,3,3,af | arrhythmia | conduction_disease,"AV block, bundle-branch block, or sinus-node disease | Atrial fibrillation or flutter | arrhythmia",AL | ATTRV | ATTRWT | ATTRV | ATTRV | ATTRWT,DIRECT_TARGET,CONFLICTING_DIRECT_REUSE
ICD10,N19,Unspecified kidney failure,3012,162,2,2,kidney_failure | renal_dysfunction,Kidney failure / end-stage renal disease | Renal dysfunction / chronic kidney disease,AL,DIRECT_TARGET,CONFLICTING_DIRECT_REUSE
ICD10,E10.21,Type 1 diabetes mellitus with diabetic nephropathy,3408,154,2,2,al03_competing_proteinuria | al04_competing_nephrotic,Competing cause of nephrotic syndrome | Competing cause of proteinuria,,DIRECT_TARGET,CONFLICTING_DIRECT_REUSE
ICD10,M14.671,"Charcot's joint, right ankle and foot",2184,152,3,3,charcot_arthropathy | plantar_ulcer | trophic_change,charcot arthropathy | plantar ulcer | trophic change,ATTRV,DIRECT_TARGET,CONFLICTING_DIRECT_REUSE
ICD10,M14.672,"Charcot's joint, left ankle and foot",2904,140,3,3,charcot_arthropathy | plantar_ulcer | trophic_change,charcot arthropathy | plantar ulcer | trophic change,ATTRV,DIRECT_TARGET,CONFLICTING_DIRECT_REUSE
ICD10,I44.30,Unspecified atrioventricular block,595,130,3,3,af | arrhythmia | conduction_disease,"AV block, bundle-branch block, or sinus-node disease | Atrial fibrillation or flutter | arrhythmia",AL | ATTRV | ATTRWT | ATTRV | ATTRV | ATTRWT,DIRECT_TARGET,CONFLICTING_DIRECT_REUSE
ICD10,D69.2,Other nonthrombocytopenic purpura,768,123,2,2,al08_competing_purpura | ecchymosis,Competing cause of purpura or bruising | Spontaneous unexplained ecchymosis,AL,DIRECT_TARGET,CONFLICTING_DIRECT_REUSE
ICD10,E86.9,"Volume depletion, unspecified",948,119,2,2,al29_competing_hypotension | wt18_competing_hypotension,Competing cause of falling blood pressure | Competing cause of hypotension or syncope,,DIRECT_TARGET,CONFLICTING_DIRECT_REUSE
ICD10,I45.4,Nonspecific intraventricular block,189,118,3,3,af | arrhythmia | conduction_disease,"AV block, bundle-branch block, or sinus-node disease | Atrial fibrillation or flutter | arrhythmia",AL | ATTRV | ATTRWT | ATTRV | ATTRV | ATTRWT,DIRECT_TARGET,CONFLICTING_DIRECT_REUSE
ICD10,M65.322,"Trigger finger, left index finger",513,114,3,3,biceps_rupture | rotator_cuff | trigger_finger,"Rotator cuff tear / repair | Spontaneous distal biceps tendon rupture (""Popeye sign"") | Trigger finger / stenosing tenosynovitis",AL | ATTRV | ATTRWT | ATTRV | ATTRWT,DIRECT_TARGET,CONFLICTING_DIRECT_REUSE
ICD10,L97.412,Non-pressure chronic ulcer of right heel and midfoot with fat layer exposed,1852,88,3,3,charcot_arthropathy | plantar_ulcer | trophic_change,charcot arthropathy | plantar ulcer | trophic change,ATTRV,DIRECT_TARGET,CONFLICTING_DIRECT_REUSE
ICD10,G90.9,"Disorder of the autonomic nervous system, unspecified",586,85,3,3,dysautonomia | orthostatic_intolerance | wt18_competing_hypotension,Autonomic dysfunction / dysautonomia | Competing cause of falling blood pressure | orthostatic intolerance,AL | ATTRV | AL | ATTRV | ATTRWT,DIRECT_TARGET,CONFLICTING_DIRECT_REUSE
ICD10,I48.4,Atypical atrial flutter,828,85,2,2,af | arrhythmia,Atrial fibrillation or flutter | arrhythmia,AL | ATTRV | ATTRWT | ATTRV,DIRECT_TARGET,CONFLICTING_DIRECT_REUSE
ICD10,L97.422,Non-pressure chronic ulcer of left heel and midfoot with fat layer exposed,1100,77,3,3,charcot_arthropathy | plantar_ulcer | trophic_change,charcot arthropathy | plantar ulcer | trophic change,ATTRV,DIRECT_TARGET,CONFLICTING_DIRECT_REUSE
ICD10,L97.509,Non-pressure chronic ulcer of other part of unspecified foot with unspecified severity,540,76,3,3,charcot_arthropathy | plantar_ulcer | trophic_change,charcot arthropathy | plantar ulcer | trophic change,ATTRV,DIRECT_TARGET,CONFLICTING_DIRECT_REUSE
ICD10,M65.351,"Trigger finger, right little finger",352,74,3,3,biceps_rupture | rotator_cuff | trigger_finger,"Rotator cuff tear / repair | Spontaneous distal biceps tendon rupture (""Popeye sign"") | Trigger finger / stenosing tenosynovitis",AL | ATTRV | ATTRWT | ATTRV | ATTRWT,DIRECT_TARGET,CONFLICTING_DIRECT_REUSE
ICD10,G61.81,Chronic inflammatory demyelinating polyneuritis,5027,70,2,2,cidp | immunotherapy_exposure,Chronic inflammatory demyelinating polyneuropathy | immunotherapy exposure,ATTRV,DIRECT_TARGET,CONFLICTING_DIRECT_REUSE
ICD10,L97.513,Non-pressure chronic ulcer of other part of right foot with necrosis of muscle,1195,67,3,3,charcot_arthropathy | plantar_ulcer | trophic_change,charcot arthropathy | plantar ulcer | trophic change,ATTRV,DIRECT_TARGET,CONFLICTING_DIRECT_REUSE
ICD10,L97.518,Non-pressure chronic ulcer of other part of right foot with other specified severity,583,58,3,3,charcot_arthropathy | plantar_ulcer | trophic_change,charcot arthropathy | plantar ulcer | trophic change,ATTRV,DIRECT_TARGET,CONFLICTING_DIRECT_REUSE
ICD10,L97.429,Non-pressure chronic ulcer of left heel and midfoot with unspecified severity,304,48,3,3,charcot_arthropathy | plantar_ulcer | trophic_change,charcot arthropathy | plantar ulcer | trophic change,ATTRV,DIRECT_TARGET,CONFLICTING_DIRECT_REUSE
ICD10,L97.523,Non-pressure chronic ulcer of other part of left foot with necrosis of muscle,1303,47,3,3,charcot_arthropathy | plantar_ulcer | trophic_change,charcot arthropathy | plantar ulcer | trophic change,ATTRV,DIRECT_TARGET,CONFLICTING_DIRECT_REUSE
ICD10,M65.352,"Trigger finger, left little finger",178,47,3,3,biceps_rupture | rotator_cuff | trigger_finger,"Rotator cuff tear / repair | Spontaneous distal biceps tendon rupture (""Popeye sign"") | Trigger finger / stenosing tenosynovitis",AL | ATTRV | ATTRWT | ATTRV | ATTRWT,DIRECT_TARGET,CONFLICTING_DIRECT_REUSE
ICD10,I44.39,Other atrioventricular block,149,46,3,3,af | arrhythmia | conduction_disease,"AV block, bundle-branch block, or sinus-node disease | Atrial fibrillation or flutter | arrhythmia",AL | ATTRV | ATTRWT | ATTRV | ATTRV | ATTRWT,DIRECT_TARGET,CONFLICTING_DIRECT_REUSE
ICD10,L97.528,Non-pressure chronic ulcer of other part of left foot with other specified severity,576,44,3,3,charcot_arthropathy | plantar_ulcer | trophic_change,charcot arthropathy | plantar ulcer | trophic change,ATTRV,DIRECT_TARGET,CONFLICTING_DIRECT_REUSE
ICD10,L97.515,Non-pressure chronic ulcer of other part of right foot with muscle involvement without evidence of necrosis,674,41,3,3,charcot_arthropathy | plantar_ulcer | trophic_change,charcot arthropathy | plantar ulcer | trophic change,ATTRV,DIRECT_TARGET,CONFLICTING_DIRECT_REUSE
ICD10,L97.514,Non-pressure chronic ulcer of other part of right foot with necrosis of bone,938,40,3,3,charcot_arthropathy | plantar_ulcer | trophic_change,charcot arthropathy | plantar ulcer | trophic change,ATTRV,DIRECT_TARGET,CONFLICTING_DIRECT_REUSE
ICD10,L97.524,Non-pressure chronic ulcer of other part of left foot with necrosis of bone,642,38,3,3,charcot_arthropathy | plantar_ulcer | trophic_change,charcot arthropathy | plantar ulcer | trophic change,ATTRV,DIRECT_TARGET,CONFLICTING_DIRECT_REUSE
ICD10,L97.421,Non-pressure chronic ulcer of left heel and midfoot limited to breakdown of skin,217,37,3,3,charcot_arthropathy | plantar_ulcer | trophic_change,charcot arthropathy | plantar ulcer | trophic change,ATTRV,DIRECT_TARGET,CONFLICTING_DIRECT_REUSE
ICD10,N04.1,Nephrotic syndrome with focal and segmental glomerular lesions,6190,35,2,2,al03_competing_proteinuria | al04_competing_nephrotic,Competing cause of nephrotic syndrome | Competing cause of proteinuria,,DIRECT_TARGET,CONFLICTING_DIRECT_REUSE
ICD10,L97.411,Non-pressure chronic ulcer of right heel and midfoot limited to breakdown of skin,162,34,3,3,charcot_arthropathy | plantar_ulcer | trophic_change,charcot arthropathy | plantar ulcer | trophic change,ATTRV,DIRECT_TARGET,CONFLICTING_DIRECT_REUSE
ICD10,L97.419,Non-pressure chronic ulcer of right heel and midfoot with unspecified severity,175,33,3,3,charcot_arthropathy | plantar_ulcer | trophic_change,charcot arthropathy | plantar ulcer | trophic change,ATTRV,DIRECT_TARGET,CONFLICTING_DIRECT_REUSE
ICD10,L97.525,Non-pressure chronic ulcer of other part of left foot with muscle involvement without evidence of necrosis,621,33,3,3,charcot_arthropathy | plantar_ulcer | trophic_change,charcot arthropathy | plantar ulcer | trophic change,ATTRV,DIRECT_TARGET,CONFLICTING_DIRECT_REUSE
ICD10,M65.339,"Trigger finger, unspecified middle finger",128,33,3,3,biceps_rupture | rotator_cuff | trigger_finger,"Rotator cuff tear / repair | Spontaneous distal biceps tendon rupture (""Popeye sign"") | Trigger finger / stenosing tenosynovitis",AL | ATTRV | ATTRWT | ATTRV | ATTRWT,DIRECT_TARGET,CONFLICTING_DIRECT_REUSE
ICD10,L97.501,Non-pressure chronic ulcer of other part of unspecified foot limited to breakdown of skin,164,32,3,3,charcot_arthropathy | plantar_ulcer | trophic_change,charcot arthropathy | plantar ulcer | trophic change,ATTRV,DIRECT_TARGET,CONFLICTING_DIRECT_REUSE
ICD10,L97.516,Non-pressure chronic ulcer of other part of right foot with bone involvement without evidence of necrosis,1115,31,3,3,charcot_arthropathy | plantar_ulcer | trophic_change,charcot arthropathy | plantar ulcer | trophic change,ATTRV,DIRECT_TARGET,CONFLICTING_DIRECT_REUSE
ICD10,I42.5,Other restrictive cardiomyopathy,257,22,2,2,restrictive_cardiomyopathy | thick_walls,Restrictive cardiomyopathy | Unexplained left-ventricular wall thickness / LVH,AL | AL | ATTRV | ATTRWT,DIRECT_TARGET,CONFLICTING_DIRECT_REUSE
ICD10,M65.319,"Trigger thumb, unspecified thumb",82,20,3,3,biceps_rupture | rotator_cuff | trigger_finger,"Rotator cuff tear / repair | Spontaneous distal biceps tendon rupture (""Popeye sign"") | Trigger finger / stenosing tenosynovitis",AL | ATTRV | ATTRWT | ATTRV | ATTRWT,DIRECT_TARGET,CONFLICTING_DIRECT_REUSE
ICD10,M75.100,"Unspecified rotator cuff tear or rupture of unspecified shoulder, not specified as traumatic",123,18,3,3,biceps_rupture | rotator_cuff | trigger_finger,"Rotator cuff tear / repair | Spontaneous distal biceps tendon rupture (""Popeye sign"") | Trigger finger / stenosing tenosynovitis",AL | ATTRV | ATTRWT | ATTRV | ATTRWT,DIRECT_TARGET,CONFLICTING_DIRECT_REUSE
ICD10,L97.526,Non-pressure chronic ulcer of other part of left foot with bone involvement without evidence of necrosis,171,17,3,3,charcot_arthropathy | plantar_ulcer | trophic_change,charcot arthropathy | plantar ulcer | trophic change,ATTRV,DIRECT_TARGET,CONFLICTING_DIRECT_REUSE
ICD10,L97.409,Non-pressure chronic ulcer of unspecified heel and midfoot with unspecified severity,158,15,3,3,charcot_arthropathy | plantar_ulcer | trophic_change,charcot arthropathy | plantar ulcer | trophic change,ATTRV,DIRECT_TARGET,CONFLICTING_DIRECT_REUSE
ICD10,G90.8,Other disorders of autonomic nervous system,123,12,2,2,dysautonomia | orthostatic_intolerance,Autonomic dysfunction / dysautonomia | orthostatic intolerance,AL | ATTRV | AL | ATTRV | ATTRWT,DIRECT_TARGET,CONFLICTING_DIRECT_REUSE
ICD10,I42.6,Alcoholic cardiomyopathy,57,11,2,2,al33_competing_cardiomyopathy | thick_walls,Competing cause of cardiomyopathy | Unexplained left-ventricular wall thickness / LVH,AL | ATTRV | ATTRWT,DIRECT_TARGET,CONFLICTING_DIRECT_REUSE
ICD10,M65.329,"Trigger finger, unspecified index finger",62,11,3,3,biceps_rupture | rotator_cuff | trigger_finger,"Rotator cuff tear / repair | Spontaneous distal biceps tendon rupture (""Popeye sign"") | Trigger finger / stenosing tenosynovitis",AL | ATTRV | ATTRWT | ATTRV | ATTRWT,DIRECT_TARGET,CONFLICTING_DIRECT_REUSE
ICD10,L97.413,Non-pressure chronic ulcer of right heel and midfoot with necrosis of muscle,103,10,3,3,charcot_arthropathy | plantar_ulcer | trophic_change,charcot arthropathy | plantar ulcer | trophic change,ATTRV,DIRECT_TARGET,CONFLICTING_DIRECT_REUSE
ICD10,L97.502,Non-pressure chronic ulcer of other part of unspecified foot with fat layer exposed,177,10,3,3,charcot_arthropathy | plantar_ulcer | trophic_change,charcot arthropathy | plantar ulcer | trophic change,ATTRV,DIRECT_TARGET,CONFLICTING_DIRECT_REUSE
ICD10,M65.349,"Trigger finger, unspecified ring finger",22,10,3,3,biceps_rupture | rotator_cuff | trigger_finger,"Rotator cuff tear / repair | Spontaneous distal biceps tendon rupture (""Popeye sign"") | Trigger finger / stenosing tenosynovitis",AL | ATTRV | ATTRWT | ATTRV | ATTRWT,DIRECT_TARGET,CONFLICTING_DIRECT_REUSE
ICD10,L97.415,Non-pressure chronic ulcer of right heel and midfoot with muscle involvement without evidence of necrosis,98,8,3,3,charcot_arthropathy | plantar_ulcer | trophic_change,charcot arthropathy | plantar ulcer | trophic change,ATTRV,DIRECT_TARGET,CONFLICTING_DIRECT_REUSE
ICD10,L97.416,Non-pressure chronic ulcer of right heel and midfoot with bone involvement without evidence of necrosis,280,8,3,3,charcot_arthropathy | plantar_ulcer | trophic_change,charcot arthropathy | plantar ulcer | trophic change,ATTRV,DIRECT_TARGET,CONFLICTING_DIRECT_REUSE
ICD10,L97.423,Non-pressure chronic ulcer of left heel and midfoot with necrosis of muscle,85,7,3,3,charcot_arthropathy | plantar_ulcer | trophic_change,charcot arthropathy | plantar ulcer | trophic change,ATTRV,DIRECT_TARGET,CONFLICTING_DIRECT_REUSE
ICD10,L97.425,Non-pressure chronic ulcer of left heel and midfoot with muscle involvement without evidence of necrosis,67,6,3,3,charcot_arthropathy | plantar_ulcer | trophic_change,charcot arthropathy | plantar ulcer | trophic change,ATTRV,DIRECT_TARGET,CONFLICTING_DIRECT_REUSE
ICD10,H21.89,Other specified disorders of iris and ciliary body,11,5,2,2,iris_abnormality | scalloped_pupil,Scalloped pupil / characteristic pupillary abnormality | iris abnormality,AL | ATTRV | ATTRWT | ATTRV,DIRECT_TARGET,CONFLICTING_DIRECT_REUSE
ICD10,H43.21,"Crystalline deposits in vitreous body, right eye",11,4,2,2,floaters | vitreous_opacity,floaters | vitreous opacity,AL | ATTRV | ATTRWT | ATTRV,DIRECT_TARGET,CONFLICTING_DIRECT_REUSE
ICD10,L97.414,Non-pressure chronic ulcer of right heel and midfoot with necrosis of bone,10,4,3,3,charcot_arthropathy | plantar_ulcer | trophic_change,charcot arthropathy | plantar ulcer | trophic change,ATTRV,DIRECT_TARGET,CONFLICTING_DIRECT_REUSE
ICD10,L97.424,Non-pressure chronic ulcer of left heel and midfoot with necrosis of bone,56,4,3,3,charcot_arthropathy | plantar_ulcer | trophic_change,charcot arthropathy | plantar ulcer | trophic change,ATTRV,DIRECT_TARGET,CONFLICTING_DIRECT_REUSE
ICD10,L97.508,Non-pressure chronic ulcer of other part of unspecified foot with other specified severity,6,4,3,3,charcot_arthropathy | plantar_ulcer | trophic_change,charcot arthropathy | plantar ulcer | trophic change,ATTRV,DIRECT_TARGET,CONFLICTING_DIRECT_REUSE
ICD10,N04.2,Nephrotic syndrome with diffuse membranous glomerulonephritis,274,4,2,2,al03_competing_proteinuria | al04_competing_nephrotic,Competing cause of nephrotic syndrome | Competing cause of proteinuria,,DIRECT_TARGET,CONFLICTING_DIRECT_REUSE
ICD10,H43.22,"Crystalline deposits in vitreous body, left eye",15,3,2,2,floaters | vitreous_opacity,floaters | vitreous opacity,AL | ATTRV | ATTRWT | ATTRV,DIRECT_TARGET,CONFLICTING_DIRECT_REUSE
ICD10,L97.418,Non-pressure chronic ulcer of right heel and midfoot with other specified severity,6,3,3,3,charcot_arthropathy | plantar_ulcer | trophic_change,charcot arthropathy | plantar ulcer | trophic change,ATTRV,DIRECT_TARGET,CONFLICTING_DIRECT_REUSE
ICD10,L97.426,Non-pressure chronic ulcer of left heel and midfoot with bone involvement without evidence of necrosis,11,3,3,3,charcot_arthropathy | plantar_ulcer | trophic_change,charcot arthropathy | plantar ulcer | trophic change,ATTRV,DIRECT_TARGET,CONFLICTING_DIRECT_REUSE
ICD10,L97.428,Non-pressure chronic ulcer of left heel and midfoot with other specified severity,17,3,3,3,charcot_arthropathy | plantar_ulcer | trophic_change,charcot arthropathy | plantar ulcer | trophic change,ATTRV,DIRECT_TARGET,CONFLICTING_DIRECT_REUSE
ICD10,L97.503,Non-pressure chronic ulcer of other part of unspecified foot with necrosis of muscle,27,2,3,3,charcot_arthropathy | plantar_ulcer | trophic_change,charcot arthropathy | plantar ulcer | trophic change,ATTRV,DIRECT_TARGET,CONFLICTING_DIRECT_REUSE
ICD10,L97.505,Non-pressure chronic ulcer of other part of unspecified foot with muscle involvement without evidence of necrosis,65,2,3,3,charcot_arthropathy | plantar_ulcer | trophic_change,charcot arthropathy | plantar ulcer | trophic change,ATTRV,DIRECT_TARGET,CONFLICTING_DIRECT_REUSE
ICD10,L97.506,Non-pressure chronic ulcer of other part of unspecified foot with bone involvement without evidence of necrosis,7,2,3,3,charcot_arthropathy | plantar_ulcer | trophic_change,charcot arthropathy | plantar ulcer | trophic change,ATTRV,DIRECT_TARGET,CONFLICTING_DIRECT_REUSE
ICD10,M65.359,"Trigger finger, unspecified little finger",2,2,3,3,biceps_rupture | rotator_cuff | trigger_finger,"Rotator cuff tear / repair | Spontaneous distal biceps tendon rupture (""Popeye sign"") | Trigger finger / stenosing tenosynovitis",AL | ATTRV | ATTRWT | ATTRV | ATTRWT,DIRECT_TARGET,CONFLICTING_DIRECT_REUSE
ICD10,K59.8,Other specified functional intestinal disorders,23,1,3,3,constipation | diarrhea | gi_dysmotility,Unexplained gastrointestinal dysmotility | constipation | diarrhea,AL | ATTRV | AL | ATTRV | ATTRWT,DIRECT_TARGET,CONFLICTING_DIRECT_REUSE
ICD10,L97.504,Non-pressure chronic ulcer of other part of unspecified foot with necrosis of bone,2,1,3,3,charcot_arthropathy | plantar_ulcer | trophic_change,charcot arthropathy | plantar ulcer | trophic change,ATTRV,DIRECT_TARGET,CONFLICTING_DIRECT_REUSE
ICD10,E05.9,,0,0,2,2,al09_competing_weight_loss | wt11_competing_af_cause,Competing cause of atrial fibrillation | Competing cause of unintentional weight loss,,DIRECT_TARGET,CONFLICTING_DIRECT_REUSE
ICD10,H43.20,,0,0,2,2,floaters | vitreous_opacity,floaters | vitreous opacity,AL | ATTRV | ATTRWT | ATTRV,DIRECT_TARGET,CONFLICTING_DIRECT_REUSE
ICD10,H43.23,,0,0,2,2,floaters | vitreous_opacity,floaters | vitreous opacity,AL | ATTRV | ATTRWT | ATTRV,DIRECT_TARGET,CONFLICTING_DIRECT_REUSE
ICD10,M66.821,,0,0,3,3,biceps_rupture | rotator_cuff | trigger_finger,"Rotator cuff tear / repair | Spontaneous distal biceps tendon rupture (""Popeye sign"") | Trigger finger / stenosing tenosynovitis",AL | ATTRV | ATTRWT | ATTRV | ATTRWT,DIRECT_TARGET,CONFLICTING_DIRECT_REUSE
ICD10,M66.822,,0,0,3,3,biceps_rupture | rotator_cuff | trigger_finger,"Rotator cuff tear / repair | Spontaneous distal biceps tendon rupture (""Popeye sign"") | Trigger finger / stenosing tenosynovitis",AL | ATTRV | ATTRWT | ATTRV | ATTRWT,DIRECT_TARGET,CONFLICTING_DIRECT_REUSE
ICD10,M66.9,,0,0,2,2,biceps_rupture | spontaneous_atraumatic_rupture,"Spontaneous / trivial-trauma rupture mechanism | Spontaneous distal biceps tendon rupture (""Popeye sign"")",AL | ATTRV | ATTRWT | ATTRWT,DIRECT_TARGET,CONFLICTING_DIRECT_REUSE
SNOMED_CT,19943007,,0,0,4,4,al05_competing_hypoalbuminemia | al18_congestive_hepatopathy | al28_competing_effusion | al34_competing_edema,Competing cause of edema | Competing cause of hypoalbuminemia or edema | Competing cause of serosal effusion | Congestive hepatopathy or competing liver disease,,DIRECT_TARGET,CONFLICTING_DIRECT_REUSE
SNOMED_CT,20696009,,0,0,2,2,al05_competing_hypoalbuminemia | al34_competing_edema,Competing cause of edema | Competing cause of hypoalbuminemia or edema,,DIRECT_TARGET,CONFLICTING_DIRECT_REUSE
SNOMED_CT,233873004,,0,0,3,3,al33_competing_cardiomyopathy | hypertrophic_cardiomyopathy | wt09_competing_hf_cause,Competing cause of cardiomyopathy | Competing cause of heart failure | Hypertrophic cardiomyopathy,ATTRWT,DIRECT_TARGET,CONFLICTING_DIRECT_REUSE
SNOMED_CT,236403004,,0,0,2,2,al03_competing_proteinuria | al04_competing_nephrotic,Competing cause of nephrotic syndrome | Competing cause of proteinuria,,DIRECT_TARGET,CONFLICTING_DIRECT_REUSE
SNOMED_CT,236500003,,0,0,2,2,al03_competing_proteinuria | al04_competing_nephrotic,Competing cause of nephrotic syndrome | Competing cause of proteinuria,,DIRECT_TARGET,CONFLICTING_DIRECT_REUSE
SNOMED_CT,239267000,,0,0,2,2,trigger_finger | trigger_release,Trigger finger / stenosing tenosynovitis | Trigger finger release procedure,AL | ATTRV | ATTRWT | ATTRWT,DIRECT_TARGET,CONFLICTING_DIRECT_REUSE
SNOMED_CT,250929008,,0,0,2,2,lv_cavity_geometry | small_lv_cavity,Left-ventricular cavity geometry | Small left-ventricular cavity,ATTRWT,DIRECT_TARGET,CONFLICTING_DIRECT_REUSE
SNOMED_CT,250931004,,0,0,2,2,lv_cavity_geometry | small_lv_cavity,Left-ventricular cavity geometry | Small left-ventricular cavity,ATTRWT,DIRECT_TARGET,CONFLICTING_DIRECT_REUSE
SNOMED_CT,250932006,,0,0,2,2,lv_cavity_geometry | small_lv_cavity,Left-ventricular cavity geometry | Small left-ventricular cavity,ATTRWT,DIRECT_TARGET,CONFLICTING_DIRECT_REUSE
SNOMED_CT,271737000,,0,0,2,2,al20_competing_dyspnea | al29_competing_hypotension,Competing cause of dyspnea | Competing cause of hypotension or syncope,,DIRECT_TARGET,CONFLICTING_DIRECT_REUSE
SNOMED_CT,328383001,,0,0,2,2,al05_competing_hypoalbuminemia | al18_congestive_hepatopathy,Competing cause of hypoalbuminemia or edema | Congestive hepatopathy or competing liver disease,,DIRECT_TARGET,CONFLICTING_DIRECT_REUSE
SNOMED_CT,34095006,,0,0,2,2,al29_competing_hypotension | wt18_competing_hypotension,Competing cause of falling blood pressure | Competing cause of hypotension or syncope,,DIRECT_TARGET,CONFLICTING_DIRECT_REUSE
SNOMED_CT,34486009,,0,0,2,2,al09_competing_weight_loss | wt11_competing_af_cause,Competing cause of atrial fibrillation | Competing cause of unintentional weight loss,,DIRECT_TARGET,CONFLICTING_DIRECT_REUSE
SNOMED_CT,40930008,,0,0,2,2,al07_competing_macroglossia | al34_competing_edema,Competing cause of edema | Competing cause of macroglossia,,DIRECT_TARGET,CONFLICTING_DIRECT_REUSE
SNOMED_CT,414916001,,0,0,2,2,al20_competing_dyspnea | wt11_competing_af_cause,Competing cause of atrial fibrillation | Competing cause of dyspnea,,DIRECT_TARGET,CONFLICTING_DIRECT_REUSE
SNOMED_CT,45227007,,0,0,2,2,al33_competing_cardiomyopathy | hypertrophic_cardiomyopathy,Competing cause of cardiomyopathy | Hypertrophic cardiomyopathy,ATTRWT,DIRECT_TARGET,CONFLICTING_DIRECT_REUSE
SNOMED_CT,49436004,,0,0,3,3,af | al17_competing_biomarker | arrhythmia,Atrial fibrillation or flutter | Competing cause of cardiac biomarker elevation | arrhythmia,AL | ATTRV | ATTRWT | ATTRV,DIRECT_TARGET,CONFLICTING_DIRECT_REUSE
SNOMED_CT,51689008,,0,0,2,2,cidp | immunotherapy_exposure,Chronic inflammatory demyelinating polyneuropathy | immunotherapy exposure,ATTRV,DIRECT_TARGET,CONFLICTING_DIRECT_REUSE
SNOMED_CT,52254009,,0,0,2,2,al28_competing_effusion | nephrotic_syndrome,Competing cause of serosal effusion | Nephrotic syndrome,AL,DIRECT_TARGET,CONFLICTING_DIRECT_REUSE
SNOMED_CT,59282003,,0,0,3,3,al17_competing_biomarker | al20_competing_dyspnea | al28_competing_effusion,Competing cause of cardiac biomarker elevation | Competing cause of dyspnea | Competing cause of serosal effusion,,DIRECT_TARGET,CONFLICTING_DIRECT_REUSE
SNOMED_CT,59621000,,0,0,3,3,hypertension | wt09_competing_hf_cause | wt11_competing_af_cause,Competing cause of atrial fibrillation | Competing cause of heart failure | Hypertension,ATTRWT,DIRECT_TARGET,CONFLICTING_DIRECT_REUSE
SNOMED_CT,60573004,,0,0,2,2,lflg_as | wt09_competing_hf_cause,Competing cause of heart failure | Low-flow low-gradient aortic stenosis,ATTRV | ATTRWT,DIRECT_TARGET,CONFLICTING_DIRECT_REUSE
SNOMED_CT,64715009,,0,0,3,3,al33_competing_cardiomyopathy | wt09_competing_hf_cause | wt13_sarcomeric_hcm,Competing cause of cardiomyopathy | Competing cause of heart failure | Sarcomeric HCM / hypertensive remodeling,,DIRECT_TARGET,CONFLICTING_DIRECT_REUSE
SNOMED_CT,709044004,,0,0,3,3,al05_competing_hypoalbuminemia | al17_competing_biomarker | wt18_competing_hypotension,Competing cause of cardiac biomarker elevation | Competing cause of falling blood pressure | Competing cause of hypoalbuminemia or edema,,DIRECT_TARGET,CONFLICTING_DIRECT_REUSE
SNOMED_CT,77182004,,0,0,2,2,al03_competing_proteinuria | al04_competing_nephrotic,Competing cause of nephrotic syndrome | Competing cause of proteinuria,,DIRECT_TARGET,CONFLICTING_DIRECT_REUSE
SNOMED_CT,8186001,,0,0,2,2,cardiomegaly | thick_walls,Cardiomegaly | Unexplained left-ventricular wall thickness / LVH,AL | AL | ATTRV | ATTRWT,DIRECT_TARGET,CONFLICTING_DIRECT_REUSE
SNOMED_CT,84114007,,0,0,5,5,al05_competing_hypoalbuminemia | al28_competing_effusion | al34_competing_edema | hf_any | hfpef,Competing cause of edema | Competing cause of hypoalbuminemia or edema | Competing cause of serosal effusion | Heart failure | Heart failure with preserved ejection fraction,AL | ATTRV | ATTRWT | AL | ATTRWT,DIRECT_TARGET,CONFLICTING_DIRECT_REUSE
SNOMED_CT,91302008,,0,0,3,3,al17_competing_biomarker | al29_competing_hypotension | wt18_competing_hypotension,Competing cause of cardiac biomarker elevation | Competing cause of falling blood pressure | Competing cause of hypotension or syncope,,DIRECT_TARGET,CONFLICTING_DIRECT_REUSE
ICD10,E85.81,Light chain (AL) amyloidosis,778,24,3,1,confirmed_al_e85_81 | confirmed_amyloidosis_e85_family | plasma_cell_dyscrasia,Confirmed AL / light-chain amyloidosis | Confirmed amyloidosis (ICD-10 E85 family) | Plasma-cell dyscrasia / multiple myeloma,AL | AL | ATTRWT | ALL_AMYLOIDOSIS,CONFIRMED_PRE_SCREEN | DIRECT_TARGET,REUSED_SUPPORT_CODE
ICD10,E85.3,Secondary systemic amyloidosis,7,2,2,1,al04_competing_nephrotic | confirmed_amyloidosis_e85_family,Competing cause of nephrotic syndrome | Confirmed amyloidosis (ICD-10 E85 family),ALL_AMYLOIDOSIS,CONFIRMED_PRE_SCREEN | DIRECT_TARGET,REUSED_SUPPORT_CODE
SNOMED_CT,715655000,,0,0,2,1,al33_competing_cardiomyopathy | confirmed_attr_e85,Competing cause of cardiomyopathy | Confirmed ATTR / known amyloidosis,ATTR,CONFIRMED_PRE_SCREEN | DIRECT_TARGET,REUSED_SUPPORT_CODE
