system,specialty,phenotypes,atom_id,atom_name,configured_mapping_rows,warehouse_present_rows,warehouse_absent_rows,zero_alignment_rows,low_alignment_rows,reused_code_rows,zero_alignment_codes,low_alignment_codes,audit_priority
ICD10,NEUROLOGY,ATTRV,charcot_arthropathy,charcot arthropathy,43,43,0,17,41,43,L97.409=Non-pressure chronic ulcer of unspecified heel and midfoot with unspecified severity | L97.411=Non-pressure chronic ulcer of right heel and midfoot limited to breakdown of skin | L97.412=Non-pressure chronic ulcer of right heel and midfoot with fat layer exposed | L97.413=Non-pressure chronic ulcer of right heel and midfoot with necrosis of muscle | L97.414=Non-pressure chronic ulcer of right heel and midfoot with necrosis of bone | L97.415=Non-pressure chronic ulcer of right heel and midfoot with muscle involvement without evidence of necrosis | L97.416=Non-pressure chronic ulcer of right heel and midfoot with bone involvement without evidence of necrosis | L97.418=Non-pressure chronic ulcer of right heel and midfoot with other specified severity | L97.419=Non-pressure chronic ulcer of right heel and midfoot with unspecified severity | L97.421=Non-pressure chronic ulcer of left heel and midfoot limited to breakdown of skin | L97.422=Non-pressure chronic ulcer of left heel and midfoot with fat layer exposed | L97.423=Non-pressure chronic ulcer of left heel and midfoot with necrosis of muscle | L97.424=Non-pressure chronic ulcer of left heel and midfoot with necrosis of bone | L97.425=Non-pressure chronic ulcer of left heel and midfoot with muscle involvement without evidence of necrosis | L97.426=Non-pressure chronic ulcer of left heel and midfoot with bone involvement without evidence of necrosis | L97.428=Non-pressure chronic ulcer of left heel and midfoot with other specified severity | L97.429=Non-pressure chronic ulcer of left heel and midfoot with unspecified severity,L97.409=Non-pressure chronic ulcer of unspecified heel and midfoot with unspecified severity | L97.411=Non-pressure chronic ulcer of right heel and midfoot limited to breakdown of skin | L97.412=Non-pressure chronic ulcer of right heel and midfoot with fat layer exposed | L97.413=Non-pressure chronic ulcer of right heel and midfoot with necrosis of muscle | L97.414=Non-pressure chronic ulcer of right heel and midfoot with necrosis of bone | L97.415=Non-pressure chronic ulcer of right heel and midfoot with muscle involvement without evidence of necrosis | L97.416=Non-pressure chronic ulcer of right heel and midfoot with bone involvement without evidence of necrosis | L97.418=Non-pressure chronic ulcer of right heel and midfoot with other specified severity | L97.419=Non-pressure chronic ulcer of right heel and midfoot with unspecified severity | L97.421=Non-pressure chronic ulcer of left heel and midfoot limited to breakdown of skin | L97.422=Non-pressure chronic ulcer of left heel and midfoot with fat layer exposed | L97.423=Non-pressure chronic ulcer of left heel and midfoot with necrosis of muscle | L97.424=Non-pressure chronic ulcer of left heel and midfoot with necrosis of bone | L97.425=Non-pressure chronic ulcer of left heel and midfoot with muscle involvement without evidence of necrosis | L97.426=Non-pressure chronic ulcer of left heel and midfoot with bone involvement without evidence of necrosis | L97.428=Non-pressure chronic ulcer of left heel and midfoot with other specified severity | L97.429=Non-pressure chronic ulcer of left heel and midfoot with unspecified severity | L97.501=Non-pressure chronic ulcer of other part of unspecified foot limited to breakdown of skin | L97.502=Non-pressure chronic ulcer of other part of unspecified foot with fat layer exposed | L97.503=Non-pressure chronic ulcer of other part of unspecified foot with necrosis of muscle | L97.504=Non-pressure chronic ulcer of other part of unspecified foot with necrosis of bone | L97.505=Non-pressure chronic ulcer of other part of unspecified foot with muscle involvement without evidence of necrosis | L97.506=Non-pressure chronic ulcer of other part of unspecified foot with bone involvement without evidence of necrosis | L97.508=Non-pressure chronic ulcer of other part of unspecified foot with other specified severity | L97.509=Non-pressure chronic ulcer of other part of unspecified foot with unspecified severity | L97.511=Non-pressure chronic ulcer of other part of right foot limited to breakdown of skin | L97.512=Non-pressure chronic ulcer of other part of right foot with fat layer exposed | L97.513=Non-pressure chronic ulcer of other part of right foot with necrosis of muscle | L97.514=Non-pressure chronic ulcer of other part of right foot with necrosis of bone | L97.515=Non-pressure chronic ulcer of other part of right foot with muscle involvement without evidence of necrosis | L97.516=Non-pressure chronic ulcer of other part of right foot with bone involvement without evidence of necrosis | L97.518=Non-pressure chronic ulcer of other part of right foot with other specified severity | L97.519=Non-pressure chronic ulcer of other part of right foot with unspecified severity | L97.521=Non-pressure chronic ulcer of other part of left foot limited to breakdown of skin | L97.522=Non-pressure chronic ulcer of other part of left foot with fat layer exposed | L97.523=Non-pressure chronic ulcer of other part of left foot with necrosis of muscle | L97.524=Non-pressure chronic ulcer of other part of left foot with necrosis of bone | L97.525=Non-pressure chronic ulcer of other part of left foot with muscle involvement without evidence of necrosis | L97.526=Non-pressure chronic ulcer of other part of left foot with bone involvement without evidence of necrosis | L97.528=Non-pressure chronic ulcer of other part of left foot with other specified severity | L97.529=Non-pressure chronic ulcer of other part of left foot with unspecified severity,HIGH
ICD10,ORTHOPEDICS_MSK,AL | ATTRV | ATTRWT,biceps_rupture,"Spontaneous distal biceps tendon rupture (""Popeye sign"")",28,21,7,17,20,23,"M65.30=Trigger finger, unspecified finger | M65.311=Trigger thumb, right thumb | M65.312=Trigger thumb, left thumb | M65.319=Trigger thumb, unspecified thumb | M65.321=Trigger finger, right index finger | M65.322=Trigger finger, left index finger | M65.329=Trigger finger, unspecified index finger | M65.331=Trigger finger, right middle finger | M65.332=Trigger finger, left middle finger | M65.339=Trigger finger, unspecified middle finger | M65.341=Trigger finger, right ring finger | M65.342=Trigger finger, left ring finger | M65.349=Trigger finger, unspecified ring finger | M65.351=Trigger finger, right little finger | M65.352=Trigger finger, left little finger | M65.359=Trigger finger, unspecified little finger | M65.9=Synovitis and tenosynovitis, unspecified","M65.30=Trigger finger, unspecified finger | M65.311=Trigger thumb, right thumb | M65.312=Trigger thumb, left thumb | M65.319=Trigger thumb, unspecified thumb | M65.321=Trigger finger, right index finger | M65.322=Trigger finger, left index finger | M65.329=Trigger finger, unspecified index finger | M65.331=Trigger finger, right middle finger | M65.332=Trigger finger, left middle finger | M65.339=Trigger finger, unspecified middle finger | M65.341=Trigger finger, right ring finger | M65.342=Trigger finger, left ring finger | M65.349=Trigger finger, unspecified ring finger | M65.351=Trigger finger, right little finger | M65.352=Trigger finger, left little finger | M65.359=Trigger finger, unspecified little finger | M65.9=Synovitis and tenosynovitis, unspecified | M75.100=Unspecified rotator cuff tear or rupture of unspecified shoulder, not specified as traumatic | M75.101=Unspecified rotator cuff tear or rupture of right shoulder, not specified as traumatic | M75.102=Unspecified rotator cuff tear or rupture of left shoulder, not specified as traumatic",HIGH
ICD10,ORTHOPEDICS_MSK,ATTRV | ATTRWT,rotator_cuff,Rotator cuff tear / repair,22,20,2,17,17,22,"M65.30=Trigger finger, unspecified finger | M65.311=Trigger thumb, right thumb | M65.312=Trigger thumb, left thumb | M65.319=Trigger thumb, unspecified thumb | M65.321=Trigger finger, right index finger | M65.322=Trigger finger, left index finger | M65.329=Trigger finger, unspecified index finger | M65.331=Trigger finger, right middle finger | M65.332=Trigger finger, left middle finger | M65.339=Trigger finger, unspecified middle finger | M65.341=Trigger finger, right ring finger | M65.342=Trigger finger, left ring finger | M65.349=Trigger finger, unspecified ring finger | M65.351=Trigger finger, right little finger | M65.352=Trigger finger, left little finger | M65.359=Trigger finger, unspecified little finger | M65.9=Synovitis and tenosynovitis, unspecified","M65.30=Trigger finger, unspecified finger | M65.311=Trigger thumb, right thumb | M65.312=Trigger thumb, left thumb | M65.319=Trigger thumb, unspecified thumb | M65.321=Trigger finger, right index finger | M65.322=Trigger finger, left index finger | M65.329=Trigger finger, unspecified index finger | M65.331=Trigger finger, right middle finger | M65.332=Trigger finger, left middle finger | M65.339=Trigger finger, unspecified middle finger | M65.341=Trigger finger, right ring finger | M65.342=Trigger finger, left ring finger | M65.349=Trigger finger, unspecified ring finger | M65.351=Trigger finger, right little finger | M65.352=Trigger finger, left little finger | M65.359=Trigger finger, unspecified little finger | M65.9=Synovitis and tenosynovitis, unspecified",HIGH
ICD10,NEUROLOGY,ATTRV,trophic_change,trophic change,43,43,0,15,38,43,L97.409=Non-pressure chronic ulcer of unspecified heel and midfoot with unspecified severity | L97.412=Non-pressure chronic ulcer of right heel and midfoot with fat layer exposed | L97.413=Non-pressure chronic ulcer of right heel and midfoot with necrosis of muscle | L97.414=Non-pressure chronic ulcer of right heel and midfoot with necrosis of bone | L97.415=Non-pressure chronic ulcer of right heel and midfoot with muscle involvement without evidence of necrosis | L97.416=Non-pressure chronic ulcer of right heel and midfoot with bone involvement without evidence of necrosis | L97.418=Non-pressure chronic ulcer of right heel and midfoot with other specified severity | L97.419=Non-pressure chronic ulcer of right heel and midfoot with unspecified severity | L97.422=Non-pressure chronic ulcer of left heel and midfoot with fat layer exposed | L97.423=Non-pressure chronic ulcer of left heel and midfoot with necrosis of muscle | L97.424=Non-pressure chronic ulcer of left heel and midfoot with necrosis of bone | L97.425=Non-pressure chronic ulcer of left heel and midfoot with muscle involvement without evidence of necrosis | L97.426=Non-pressure chronic ulcer of left heel and midfoot with bone involvement without evidence of necrosis | L97.428=Non-pressure chronic ulcer of left heel and midfoot with other specified severity | L97.429=Non-pressure chronic ulcer of left heel and midfoot with unspecified severity,L97.409=Non-pressure chronic ulcer of unspecified heel and midfoot with unspecified severity | L97.411=Non-pressure chronic ulcer of right heel and midfoot limited to breakdown of skin | L97.412=Non-pressure chronic ulcer of right heel and midfoot with fat layer exposed | L97.413=Non-pressure chronic ulcer of right heel and midfoot with necrosis of muscle | L97.414=Non-pressure chronic ulcer of right heel and midfoot with necrosis of bone | L97.415=Non-pressure chronic ulcer of right heel and midfoot with muscle involvement without evidence of necrosis | L97.416=Non-pressure chronic ulcer of right heel and midfoot with bone involvement without evidence of necrosis | L97.418=Non-pressure chronic ulcer of right heel and midfoot with other specified severity | L97.419=Non-pressure chronic ulcer of right heel and midfoot with unspecified severity | L97.421=Non-pressure chronic ulcer of left heel and midfoot limited to breakdown of skin | L97.422=Non-pressure chronic ulcer of left heel and midfoot with fat layer exposed | L97.423=Non-pressure chronic ulcer of left heel and midfoot with necrosis of muscle | L97.424=Non-pressure chronic ulcer of left heel and midfoot with necrosis of bone | L97.425=Non-pressure chronic ulcer of left heel and midfoot with muscle involvement without evidence of necrosis | L97.426=Non-pressure chronic ulcer of left heel and midfoot with bone involvement without evidence of necrosis | L97.428=Non-pressure chronic ulcer of left heel and midfoot with other specified severity | L97.429=Non-pressure chronic ulcer of left heel and midfoot with unspecified severity | L97.502=Non-pressure chronic ulcer of other part of unspecified foot with fat layer exposed | L97.503=Non-pressure chronic ulcer of other part of unspecified foot with necrosis of muscle | L97.504=Non-pressure chronic ulcer of other part of unspecified foot with necrosis of bone | L97.505=Non-pressure chronic ulcer of other part of unspecified foot with muscle involvement without evidence of necrosis | L97.506=Non-pressure chronic ulcer of other part of unspecified foot with bone involvement without evidence of necrosis | L97.508=Non-pressure chronic ulcer of other part of unspecified foot with other specified severity | L97.509=Non-pressure chronic ulcer of other part of unspecified foot with unspecified severity | L97.512=Non-pressure chronic ulcer of other part of right foot with fat layer exposed | L97.513=Non-pressure chronic ulcer of other part of right foot with necrosis of muscle | L97.514=Non-pressure chronic ulcer of other part of right foot with necrosis of bone | L97.515=Non-pressure chronic ulcer of other part of right foot with muscle involvement without evidence of necrosis | L97.516=Non-pressure chronic ulcer of other part of right foot with bone involvement without evidence of necrosis | L97.518=Non-pressure chronic ulcer of other part of right foot with other specified severity | L97.519=Non-pressure chronic ulcer of other part of right foot with unspecified severity | L97.522=Non-pressure chronic ulcer of other part of left foot with fat layer exposed | L97.523=Non-pressure chronic ulcer of other part of left foot with necrosis of muscle | L97.524=Non-pressure chronic ulcer of other part of left foot with necrosis of bone | L97.525=Non-pressure chronic ulcer of other part of left foot with muscle involvement without evidence of necrosis | L97.526=Non-pressure chronic ulcer of other part of left foot with bone involvement without evidence of necrosis | L97.528=Non-pressure chronic ulcer of other part of left foot with other specified severity | L97.529=Non-pressure chronic ulcer of other part of left foot with unspecified severity,HIGH
ICD10,CARDIOLOGY,AL | ATTRV | ATTRWT,thick_walls,Unexplained left-ventricular wall thickness / LVH,13,13,0,13,13,10,"I42.0=Dilated cardiomyopathy | I42.1=Obstructive hypertrophic cardiomyopathy | I42.2=Other hypertrophic cardiomyopathy | I42.3=Endomyocardial (eosinophilic) disease | I42.4=Endocardial fibroelastosis | I42.5=Other restrictive cardiomyopathy | I42.6=Alcoholic cardiomyopathy | I42.7=Cardiomyopathy due to drug and external agent | I42.8=Other cardiomyopathies | I42.9=Cardiomyopathy, unspecified | I50.32=Chronic diastolic (congestive) heart failure | I50.33=Acute on chronic diastolic (congestive) heart failure | I51.7=Cardiomegaly","I42.0=Dilated cardiomyopathy | I42.1=Obstructive hypertrophic cardiomyopathy | I42.2=Other hypertrophic cardiomyopathy | I42.3=Endomyocardial (eosinophilic) disease | I42.4=Endocardial fibroelastosis | I42.5=Other restrictive cardiomyopathy | I42.6=Alcoholic cardiomyopathy | I42.7=Cardiomyopathy due to drug and external agent | I42.8=Other cardiomyopathies | I42.9=Cardiomyopathy, unspecified | I50.32=Chronic diastolic (congestive) heart failure | I50.33=Acute on chronic diastolic (congestive) heart failure | I51.7=Cardiomegaly",HIGH
ICD10,MULTISPECIALTY,AL | ATTRV,unintentional_weight_loss,Unintentional weight loss / declining BMI,16,12,4,8,8,2,"F50.00=Anorexia nervosa, unspecified | F50.010=Anorexia nervosa, restricting type, mild | F50.011=Anorexia nervosa, restricting type, moderate | F50.014=Anorexia nervosa, restricting type, in remission | F50.019=Anorexia nervosa, restricting type, unspecified | F50.020=Anorexia nervosa, binge eating/purging type, mild | F50.024=Anorexia nervosa, binge eating/purging type, in remission | F50.029=Anorexia nervosa, binge eating/purging type, unspecified","F50.00=Anorexia nervosa, unspecified | F50.010=Anorexia nervosa, restricting type, mild | F50.011=Anorexia nervosa, restricting type, moderate | F50.014=Anorexia nervosa, restricting type, in remission | F50.019=Anorexia nervosa, restricting type, unspecified | F50.020=Anorexia nervosa, binge eating/purging type, mild | F50.024=Anorexia nervosa, binge eating/purging type, in remission | F50.029=Anorexia nervosa, binge eating/purging type, unspecified",HIGH
ICD10,CARDIOLOGY,AL | ATTRV | ATTRWT,af,Atrial fibrillation or flutter,15,15,0,6,6,14,"I44.1=Atrioventricular block, second degree | I44.2=Atrioventricular block, complete | I44.30=Unspecified atrioventricular block | I44.39=Other atrioventricular block | I45.4=Nonspecific intraventricular block | Z95.0=Presence of cardiac pacemaker","I44.1=Atrioventricular block, second degree | I44.2=Atrioventricular block, complete | I44.30=Unspecified atrioventricular block | I44.39=Other atrioventricular block | I45.4=Nonspecific intraventricular block | Z95.0=Presence of cardiac pacemaker",HIGH
ICD10,CARDIOLOGY,ATTRV,arrhythmia,arrhythmia,14,14,0,5,5,14,"I44.1=Atrioventricular block, second degree | I44.2=Atrioventricular block, complete | I44.30=Unspecified atrioventricular block | I44.39=Other atrioventricular block | I45.4=Nonspecific intraventricular block","I44.1=Atrioventricular block, second degree | I44.2=Atrioventricular block, complete | I44.30=Unspecified atrioventricular block | I44.39=Other atrioventricular block | I45.4=Nonspecific intraventricular block",HIGH
ICD10,GASTROENTEROLOGY,ATTRV,choking,choking,4,4,0,4,4,4,"R13.10=Dysphagia, unspecified | R13.19=Other dysphagia | R47.1=Dysarthria and anarthria | R49.0=Dysphonia","R13.10=Dysphagia, unspecified | R13.19=Other dysphagia | R47.1=Dysarthria and anarthria | R49.0=Dysphonia",HIGH
ICD10,NEPHROLOGY,AL,falling_egfr,Falling eGFR / rising creatinine,4,4,0,4,4,3,"N17.9=Acute kidney failure, unspecified | N18.3=Chronic kidney disease, stage 3 (moderate) | N18.4=Chronic kidney disease, stage 4 (severe) | N18.5=Chronic kidney disease, stage 5","N17.9=Acute kidney failure, unspecified | N18.3=Chronic kidney disease, stage 3 (moderate) | N18.4=Chronic kidney disease, stage 4 (severe) | N18.5=Chronic kidney disease, stage 5",HIGH
ICD10,GASTROENTEROLOGY,AL | ATTRV,constipation,constipation,4,4,0,3,3,4,"K59.1=Functional diarrhea | K59.8=Other specified functional intestinal disorders | R19.7=Diarrhea, unspecified","K59.1=Functional diarrhea | K59.8=Other specified functional intestinal disorders | R19.7=Diarrhea, unspecified",HIGH
ICD10,GASTROENTEROLOGY,AL | ATTRV | ATTRWT,delayed_gastric_emptying,delayed gastric emptying,3,3,0,3,3,3,"K31.84=Gastroparesis | R11.2=Nausea with vomiting, unspecified | R68.81=Early satiety","K31.84=Gastroparesis | R11.2=Nausea with vomiting, unspecified | R68.81=Early satiety",HIGH
ICD10,GASTROENTEROLOGY,ATTRV,dysarthria,dysarthria,4,4,0,3,3,4,"R13.10=Dysphagia, unspecified | R13.19=Other dysphagia | R49.0=Dysphonia","R13.10=Dysphagia, unspecified | R13.19=Other dysphagia | R49.0=Dysphonia",HIGH
ICD10,GASTROENTEROLOGY,ATTRV,hoarseness,hoarseness,4,4,0,3,3,4,"R13.10=Dysphagia, unspecified | R13.19=Other dysphagia | R47.1=Dysarthria and anarthria","R13.10=Dysphagia, unspecified | R13.19=Other dysphagia | R47.1=Dysarthria and anarthria",HIGH
ICD10,NEUROLOGY,AL | ATTRV | ATTRWT,gi_dysmotility,Unexplained gastrointestinal dysmotility,4,4,0,3,3,4,"K59.00=Constipation, unspecified | K59.1=Functional diarrhea | R19.7=Diarrhea, unspecified","K59.00=Constipation, unspecified | K59.1=Functional diarrhea | R19.7=Diarrhea, unspecified",HIGH
ICD10,NEUROLOGY,AL,sensory_loss,Sensory loss,5,5,0,3,3,1,R20.0=Anesthesia of skin | R20.1=Hypoesthesia of skin | R20.2=Paresthesia of skin,R20.0=Anesthesia of skin | R20.1=Hypoesthesia of skin | R20.2=Paresthesia of skin,HIGH
ICD10,ORTHOPEDICS_MSK,AL | ATTRV | ATTRWT,trigger_finger,Trigger finger / stenosing tenosynovitis,25,23,2,3,3,22,"M75.100=Unspecified rotator cuff tear or rupture of unspecified shoulder, not specified as traumatic | M75.101=Unspecified rotator cuff tear or rupture of right shoulder, not specified as traumatic | M75.102=Unspecified rotator cuff tear or rupture of left shoulder, not specified as traumatic","M75.100=Unspecified rotator cuff tear or rupture of unspecified shoulder, not specified as traumatic | M75.101=Unspecified rotator cuff tear or rupture of right shoulder, not specified as traumatic | M75.102=Unspecified rotator cuff tear or rupture of left shoulder, not specified as traumatic",HIGH
ICD10,CARDIOLOGY,ATTRV | ATTRWT,conduction_disease,"AV block, bundle-branch block, or sinus-node disease",21,21,0,2,2,5,I45.6=Pre-excitation syndrome | I45.81=Long QT syndrome,I45.6=Pre-excitation syndrome | I45.81=Long QT syndrome,HIGH
ICD10,CARDIOLOGY,AL | ATTRV | ATTRWT,hfpef,Heart failure with preserved ejection fraction,5,4,1,2,2,4,"I42.9=Cardiomyopathy, unspecified | I51.7=Cardiomegaly","I42.9=Cardiomyopathy, unspecified | I51.7=Cardiomegaly",HIGH
ICD10,GASTROENTEROLOGY,AL | ATTRV,diarrhea,diarrhea,4,4,0,2,2,4,"K59.00=Constipation, unspecified | K59.8=Other specified functional intestinal disorders","K59.00=Constipation, unspecified | K59.8=Other specified functional intestinal disorders",HIGH
ICD10,GASTROENTEROLOGY,AL | ATTRV,dysphagia,dysphagia,4,4,0,2,2,4,R47.1=Dysarthria and anarthria | R49.0=Dysphonia,R47.1=Dysarthria and anarthria | R49.0=Dysphonia,HIGH
ICD10,GASTROENTEROLOGY,AL | ATTRV,early_satiety,early satiety,3,3,0,2,2,3,"K31.84=Gastroparesis | R11.2=Nausea with vomiting, unspecified","K31.84=Gastroparesis | R11.2=Nausea with vomiting, unspecified",HIGH
ICD10,GASTROENTEROLOGY,AL | ATTRV,nausea,nausea,3,3,0,2,2,3,K31.84=Gastroparesis | R68.81=Early satiety,K31.84=Gastroparesis | R68.81=Early satiety,HIGH
ICD10,GASTROENTEROLOGY,AL | ATTRV,vomiting,vomiting,3,3,0,2,2,3,K31.84=Gastroparesis | R68.81=Early satiety,K31.84=Gastroparesis | R68.81=Early satiety,HIGH
ICD10,HEMATOLOGY,AL,myeloma_therapy_exposure,Anti-myeloma therapy exposure,3,2,1,2,2,0,Z51.11=Encounter for antineoplastic chemotherapy | Z92.21=Personal history of antineoplastic chemotherapy,Z51.11=Encounter for antineoplastic chemotherapy | Z92.21=Personal history of antineoplastic chemotherapy,HIGH
ICD10,MULTISPECIALTY,AL | ATTRV | ATTRWT,fhx_established_attr,First-degree family history of genetically or clinically established ATTR amyloidosis,3,3,0,2,2,0,Z14.8=Genetic carrier of other disease | Z15.89=Genetic susceptibility to other disease,Z14.8=Genetic carrier of other disease | Z15.89=Genetic susceptibility to other disease,HIGH
ICD10,NEPHROLOGY,AL | ATTRWT,hypoalbuminemia,Marked hypoalbuminemia,3,2,1,2,2,0,"E88.09=Other disorders of plasma-protein metabolism, not elsewhere classified | R77.8=Other specified abnormalities of plasma proteins","E88.09=Other disorders of plasma-protein metabolism, not elsewhere classified | R77.8=Other specified abnormalities of plasma proteins",HIGH
ICD10,NEUROLOGY,AL | ATTRV | ATTRWT,gastroparesis,Gastroparesis / delayed gastric emptying,3,3,0,2,2,3,"R11.2=Nausea with vomiting, unspecified | R68.81=Early satiety","R11.2=Nausea with vomiting, unspecified | R68.81=Early satiety",HIGH
ICD10,NEUROLOGY,AL | ATTRV,orthostatic_intolerance,orthostatic intolerance,3,3,0,2,2,3,"G90.8=Other disorders of autonomic nervous system | G90.9=Disorder of the autonomic nervous system, unspecified","G90.8=Other disorders of autonomic nervous system | G90.9=Disorder of the autonomic nervous system, unspecified",HIGH
ICD10,NEUROLOGY,AL | ATTRV | ATTRWT,sfn,Small-fiber neuropathy,3,3,0,2,2,2,G60.8=Other hereditary and idiopathic neuropathies | R20.2=Paresthesia of skin,G60.8=Other hereditary and idiopathic neuropathies | R20.2=Paresthesia of skin,HIGH
ICD10,OPHTHALMOLOGY,ATTRV,floaters,floaters,4,2,2,2,2,4,"H43.21=Crystalline deposits in vitreous body, right eye | H43.22=Crystalline deposits in vitreous body, left eye","H43.21=Crystalline deposits in vitreous body, right eye | H43.22=Crystalline deposits in vitreous body, left eye",HIGH
ICD10,CARDIOLOGY,ATTRWT,asymmetric_septal_hypertrophy,Asymmetric / basal septal hypertrophy,1,1,0,1,1,1,I42.2=Other hypertrophic cardiomyopathy,I42.2=Other hypertrophic cardiomyopathy,HIGH
ICD10,CARDIOLOGY,ATTRV | ATTRWT,medication_dose_change,medication dose change,1,1,0,1,1,1,"I95.9=Hypotension, unspecified","I95.9=Hypotension, unspecified",HIGH
ICD10,CARDIOLOGY,AL,pericardial_effusion,Pericardial effusion,3,3,0,1,1,0,I31.8=Other specified diseases of pericardium,I31.8=Other specified diseases of pericardium,HIGH
ICD10,CARDIOLOGY,AL,restrictive_cardiomyopathy,Restrictive cardiomyopathy,3,3,0,1,1,3,I42.8=Other cardiomyopathies,I42.8=Other cardiomyopathies,HIGH
ICD10,DERMATOLOGY,AL,ecchymosis,Spontaneous unexplained ecchymosis,2,2,0,1,1,1,D69.2=Other nonthrombocytopenic purpura,D69.2=Other nonthrombocytopenic purpura,HIGH
ICD10,GENERAL_MEDICINE,AL,fatigue,Fatigue,3,3,0,1,1,1,R53.81=Other malaise,R53.81=Other malaise,HIGH
ICD10,GENERAL_MEDICINE,AL,other_serosal_effusion,Other serosal effusion,2,2,0,1,1,0,K66.8=Other specified disorders of peritoneum,K66.8=Other specified disorders of peritoneum,HIGH
ICD10,HEMATOLOGY,AL | ATTRWT,plasma_cell_dyscrasia,Plasma-cell dyscrasia / multiple myeloma,6,6,0,1,1,1,E85.81=Light chain (AL) amyloidosis,E85.81=Light chain (AL) amyloidosis,HIGH
ICD10,HEPATOLOGY,AL,hepatic_alp_elevation,Cholestatic alkaline phosphatase elevation,2,2,0,1,2,0,R94.5=Abnormal results of liver function studies,R74.0=Nonspecific elevation of levels of transaminase and lactic acid dehydrogenase [LDH] | R94.5=Abnormal results of liver function studies,HIGH
ICD10,MULTISPECIALTY,ATTRV,autoimmune_disease,autoimmune disease,2,2,0,1,1,0,R76.0=Raised antibody titer,R76.0=Raised antibody titer,HIGH
ICD10,NEPHROLOGY,AL | ATTRWT,egfr_result,Estimated glomerular filtration rate,4,4,0,1,1,4,"N18.9=Chronic kidney disease, unspecified","N18.9=Chronic kidney disease, unspecified",HIGH
ICD10,NEPHROLOGY,ATTRV,microalbuminuria,Persistent albuminuria / low-grade protein loss,1,1,0,1,1,1,"R80.9=Proteinuria, unspecified","R80.9=Proteinuria, unspecified",HIGH
ICD10,NEUROLOGY,ATTRV,immunotherapy_exposure,immunotherapy exposure,1,1,0,1,1,1,G61.81=Chronic inflammatory demyelinating polyneuritis,G61.81=Chronic inflammatory demyelinating polyneuritis,HIGH
ICD10,NEUROLOGY,ATTRWT,mild_sensory_polyneuropathy,Mild-to-moderate length-dependent sensory polyneuropathy,3,3,0,1,1,1,G62.89=Other specified polyneuropathies,G62.89=Other specified polyneuropathies,HIGH
ICD10,NEUROLOGY,ATTRV,neurogenic_bladder,neurogenic bladder,3,3,0,1,1,3,"R33.9=Retention of urine, unspecified","R33.9=Retention of urine, unspecified",HIGH
ICD10,OPHTHALMOLOGY,ATTRV,dry_eye,dry eye,2,2,0,1,1,2,H40.9=Unspecified glaucoma,H40.9=Unspecified glaucoma,HIGH
ICD10,OPHTHALMOLOGY,ATTRV,glaucoma,glaucoma,2,2,0,1,1,2,H04.123=Dry eye syndrome of bilateral lacrimal glands,H04.123=Dry eye syndrome of bilateral lacrimal glands,HIGH
ICD10,ORTHOPEDICS,AL | ATTRWT,ctr_any,Carpal tunnel release procedure,1,1,0,1,1,1,Z98.890=Other specified postprocedural states,Z98.890=Other specified postprocedural states,HIGH
ICD10,ORTHOPEDICS,ATTRWT,lumbar_decompression,Lumbar decompression / laminectomy,1,1,0,1,1,1,Z98.890=Other specified postprocedural states,Z98.890=Other specified postprocedural states,HIGH
ICD10,ORTHOPEDICS,ATTRWT,trigger_release,Trigger finger release procedure,1,1,0,1,1,1,Z98.890=Other specified postprocedural states,Z98.890=Other specified postprocedural states,HIGH
ICD10,CARDIOLOGY,,wt09_competing_hf_cause,Competing cause of heart failure,9,9,0,4,4,8,I34.0=Nonrheumatic mitral (valve) insufficiency | I35.0=Nonrheumatic aortic (valve) stenosis | I42.0=Dilated cardiomyopathy | I42.1=Obstructive hypertrophic cardiomyopathy,I34.0=Nonrheumatic mitral (valve) insufficiency | I35.0=Nonrheumatic aortic (valve) stenosis | I42.0=Dilated cardiomyopathy | I42.1=Obstructive hypertrophic cardiomyopathy,MEDIUM
ICD10,CARDIOLOGY,,wt12_competing_conduction_cause,Competing cause of conduction disease,7,7,0,4,4,1,"I25.10=Atherosclerotic heart disease of native coronary artery without angina pectoris | I40.9=Acute myocarditis, unspecified | I51.7=Cardiomegaly | R00.1=Bradycardia, unspecified","I25.10=Atherosclerotic heart disease of native coronary artery without angina pectoris | I40.9=Acute myocarditis, unspecified | I51.7=Cardiomegaly | R00.1=Bradycardia, unspecified",MEDIUM
ICD10,CARDIOLOGY,,wt18_competing_hypotension,Competing cause of falling blood pressure,8,8,0,4,4,7,"A41.9=Sepsis, unspecified organism | E86.9=Volume depletion, unspecified | N18.9=Chronic kidney disease, unspecified | R54=Age-related physical debility","A41.9=Sepsis, unspecified organism | E86.9=Volume depletion, unspecified | N18.9=Chronic kidney disease, unspecified | R54=Age-related physical debility",MEDIUM
ICD10,CARDIOLOGY,,al17_competing_biomarker,Competing cause of cardiac biomarker elevation,7,7,0,3,3,6,"N18.4=Chronic kidney disease, stage 4 (severe) | N18.5=Chronic kidney disease, stage 5 | N18.9=Chronic kidney disease, unspecified","N18.4=Chronic kidney disease, stage 4 (severe) | N18.5=Chronic kidney disease, stage 5 | N18.9=Chronic kidney disease, unspecified",MEDIUM
ICD10,NUTRITION,,al09_competing_weight_loss,Competing cause of unintentional weight loss,6,5,1,3,3,1,"C80.1=Malignant (primary) neoplasm, unspecified | F32.9=Major depressive disorder, single episode, unspecified | F33.9=Major depressive disorder, recurrent, unspecified","C80.1=Malignant (primary) neoplasm, unspecified | F32.9=Major depressive disorder, single episode, unspecified | F33.9=Major depressive disorder, recurrent, unspecified",MEDIUM
ICD10,CARDIOLOGY,,wt13_sarcomeric_hcm,Sarcomeric HCM / hypertensive remodeling,6,6,0,2,3,4,I10=Essential (primary) hypertension | I42.2=Other hypertrophic cardiomyopathy,I10=Essential (primary) hypertension | I42.2=Other hypertrophic cardiomyopathy | Z82.49=Family history of ischemic heart disease and other diseases of the circulatory system,MEDIUM
ICD10,DERMATOLOGY,,al08_competing_purpura,Competing cause of purpura or bruising,6,6,0,2,3,1,E54=Ascorbic acid deficiency | Z79.01=Long term (current) use of anticoagulants,E54=Ascorbic acid deficiency | Z79.01=Long term (current) use of anticoagulants | Z79.52=Long term (current) use of systemic steroids,MEDIUM
ICD10,NEPHROLOGY,,al05_competing_hypoalbuminemia,Competing cause of hypoalbuminemia or edema,8,8,0,2,2,6,"K76.9=Liver disease, unspecified | N18.9=Chronic kidney disease, unspecified","K76.9=Liver disease, unspecified | N18.9=Chronic kidney disease, unspecified",MEDIUM
ICD10,PULMONOLOGY,,al28_competing_effusion,Competing cause of serosal effusion,8,8,0,2,2,5,"I26.99=Other pulmonary embolism without acute cor pulmonale | J18.0=Bronchopneumonia, unspecified organism","I26.99=Other pulmonary embolism without acute cor pulmonale | J18.0=Bronchopneumonia, unspecified organism",MEDIUM
ICD10,CARDIOLOGY,,al20_competing_dyspnea,Competing cause of dyspnea,7,7,0,1,1,4,"I50.9=Heart failure, unspecified","I50.9=Heart failure, unspecified",MEDIUM
ICD10,CARDIOLOGY,,al29_competing_hypotension,Competing cause of hypotension or syncope,7,7,0,1,1,5,"E86.9=Volume depletion, unspecified","E86.9=Volume depletion, unspecified",MEDIUM
ICD10,CARDIOLOGY,,al33_competing_cardiomyopathy,Competing cause of cardiomyopathy,7,7,0,1,1,7,I35.0=Nonrheumatic aortic (valve) stenosis,I35.0=Nonrheumatic aortic (valve) stenosis,MEDIUM
ICD10,CARDIOLOGY,,wt11_competing_af_cause,Competing cause of atrial fibrillation,9,8,1,1,1,5,I11.0=Hypertensive heart disease with heart failure,I11.0=Hypertensive heart disease with heart failure,MEDIUM
ICD10,ENT,,al07_competing_macroglossia,Competing cause of macroglossia,4,4,0,1,1,0,"T78.3XXA=Angioneurotic edema, initial encounter","T78.3XXA=Angioneurotic edema, initial encounter",MEDIUM
ICD10,GENERAL_MEDICINE,,al34_competing_edema,Competing cause of edema,6,6,0,1,1,5,"N18.9=Chronic kidney disease, unspecified","N18.9=Chronic kidney disease, unspecified",MEDIUM
ICD10,HEPATOLOGY,,al18_congestive_hepatopathy,Congestive hepatopathy or competing liver disease,8,8,0,1,2,3,K75.81=Nonalcoholic steatohepatitis (NASH),C78.7=Secondary malignant neoplasm of liver and intrahepatic bile duct | K75.81=Nonalcoholic steatohepatitis (NASH),MEDIUM
ICD10,NEPHROLOGY,,al03_competing_proteinuria,Competing cause of proteinuria,8,8,0,1,2,6,"N18.9=Chronic kidney disease, unspecified","I13.10=Hypertensive heart and chronic kidney disease without heart failure, with stage 1 through stage 4 chronic kidney disease, or unspecified chronic kidney disease | N18.9=Chronic kidney disease, unspecified",MEDIUM
SNOMED_CT,AUDIOLOGY,ATTRWT,age_excessive_snhl,Bilateral sensorineural hearing loss disproportionate to age,3,0,3,0,0,0,,,MEDIUM
ICD10,AUDIOLOGY,,wt21_competing_hearing_loss,Competing cause of sensorineural hearing loss,8,7,1,0,0,0,,,MEDIUM
SNOMED_CT,AUDIOLOGY,,wt21_competing_hearing_loss,Competing cause of sensorineural hearing loss,5,0,5,0,0,0,,,MEDIUM
SNOMED_CT,CARDIOLOGY,AL | ATTRV | ATTRWT,af,Atrial fibrillation or flutter,2,0,2,0,0,1,,,MEDIUM
SNOMED_CT,CARDIOLOGY,,al17_competing_biomarker,Competing cause of cardiac biomarker elevation,5,0,5,0,0,4,,,MEDIUM
SNOMED_CT,CARDIOLOGY,,al20_competing_dyspnea,Competing cause of dyspnea,6,0,6,0,0,3,,,MEDIUM
SNOMED_CT,CARDIOLOGY,,al29_competing_hypotension,Competing cause of hypotension or syncope,6,0,6,0,0,3,,,MEDIUM
SNOMED_CT,CARDIOLOGY,,al33_competing_cardiomyopathy,Competing cause of cardiomyopathy,10,0,10,0,0,4,,,MEDIUM
SNOMED_CT,CARDIOLOGY,ATTRV,arrhythmia,arrhythmia,1,0,1,0,0,1,,,MEDIUM
ICD10,CARDIOLOGY,ATTRWT,as_valve,Severe aortic stenosis,4,4,0,0,0,1,,,MEDIUM
SNOMED_CT,CARDIOLOGY,ATTRWT,asymmetric_septal_hypertrophy,Asymmetric / basal septal hypertrophy,1,0,1,0,0,0,,,MEDIUM
SNOMED_CT,CARDIOLOGY,AL | ATTRWT,bnp_result,B-type natriuretic peptide,1,0,1,0,0,0,,,MEDIUM
ICD10,CARDIOLOGY,AL,cardiomegaly,Cardiomegaly,1,1,0,0,0,1,,,MEDIUM
SNOMED_CT,CARDIOLOGY,AL,cardiomegaly,Cardiomegaly,1,0,1,0,0,1,,,MEDIUM
SNOMED_CT,CARDIOLOGY,AL,dyspnea,Dyspnea / shortness of breath,1,0,1,0,0,0,,,MEDIUM
ICD10,CARDIOLOGY,AL | ATTRWT,hf_any,Heart failure,5,5,0,0,0,2,,,MEDIUM
SNOMED_CT,CARDIOLOGY,AL | ATTRWT,hf_any,Heart failure,5,0,5,0,0,1,,,MEDIUM
ICD10,CARDIOLOGY,ATTRV | ATTRWT,hf_medication_intolerance,hf medication intolerance,1,1,0,0,0,1,,,MEDIUM
SNOMED_CT,CARDIOLOGY,AL | ATTRV | ATTRWT,hfpef,Heart failure with preserved ejection fraction,2,0,2,0,0,1,,,MEDIUM
ICD10,CARDIOLOGY,ATTRWT,hypertension,Hypertension,4,4,0,0,1,4,,"I13.10=Hypertensive heart and chronic kidney disease without heart failure, with stage 1 through stage 4 chronic kidney disease, or unspecified chronic kidney disease",MEDIUM
SNOMED_CT,CARDIOLOGY,ATTRWT,hypertension,Hypertension,1,0,1,0,0,1,,,MEDIUM
ICD10,CARDIOLOGY,ATTRWT,hypertrophic_cardiomyopathy,Hypertrophic cardiomyopathy,2,2,0,0,0,2,,,MEDIUM
SNOMED_CT,CARDIOLOGY,ATTRWT,hypertrophic_cardiomyopathy,Hypertrophic cardiomyopathy,3,0,3,0,0,2,,,MEDIUM
ICD10,CARDIOLOGY,AL,hypotension,Hypotension,3,3,0,0,0,2,,,MEDIUM
SNOMED_CT,CARDIOLOGY,AL,hypotension,Hypotension,1,0,1,0,0,0,,,MEDIUM
ICD10,CARDIOLOGY,ATTRV | ATTRWT,lflg_as,Low-flow low-gradient aortic stenosis,1,1,0,0,0,1,,,MEDIUM
SNOMED_CT,CARDIOLOGY,ATTRV | ATTRWT,lflg_as,Low-flow low-gradient aortic stenosis,1,0,1,0,0,1,,,MEDIUM
ICD10,CARDIOLOGY,AL | ATTRWT,low_ecg_voltage,Low QRS voltage,1,1,0,0,0,1,,,MEDIUM
SNOMED_CT,CARDIOLOGY,AL | ATTRWT,low_ecg_voltage,Low QRS voltage,4,0,4,0,0,0,,,MEDIUM
SNOMED_CT,CARDIOLOGY,ATTRWT,lv_cavity_geometry,Left-ventricular cavity geometry,4,0,4,0,0,3,,,MEDIUM
SNOMED_CT,CARDIOLOGY,ATTRWT,lv_mass_index_result,Left-ventricular mass index,1,0,1,0,0,0,,,MEDIUM
SNOMED_CT,CARDIOLOGY,ATTRWT,lv_relative_wall_thickness,Increased relative wall thickness,1,0,1,0,0,0,,,MEDIUM
SNOMED_CT,CARDIOLOGY,ATTRWT,lv_wall_measurement,LV wall thickness measurement,1,0,1,0,0,0,,,MEDIUM
SNOMED_CT,CARDIOLOGY,ATTRWT,lvef_result,Left-ventricular ejection fraction,1,0,1,0,0,0,,,MEDIUM
SNOMED_CT,CARDIOLOGY,AL,ntprobnp_result,NT-proBNP result,1,0,1,0,0,0,,,MEDIUM
ICD10,CARDIOLOGY,ATTRWT,pacemaker_implantation,Pacemaker implantation,1,1,0,0,0,1,,,MEDIUM
SNOMED_CT,CARDIOLOGY,ATTRWT,pacemaker_implantation,Pacemaker implantation,6,0,6,0,0,0,,,MEDIUM
ICD10,CARDIOLOGY,ATTRV | ATTRWT,pacemaker_presence,pacemaker presence,1,1,0,0,0,1,,,MEDIUM
SNOMED_CT,CARDIOLOGY,AL,pericardial_effusion,Pericardial effusion,1,0,1,0,0,0,,,MEDIUM
ICD10,CARDIOLOGY,AL | ATTRWT,pseudo_infarct,Pseudo-infarction ECG pattern,1,1,0,0,0,1,,,MEDIUM
SNOMED_CT,CARDIOLOGY,AL | ATTRWT,pseudo_infarct,Pseudo-infarction ECG pattern,2,0,2,0,0,0,,,MEDIUM
SNOMED_CT,CARDIOLOGY,AL,restrictive_cardiomyopathy,Restrictive cardiomyopathy,1,0,1,0,0,0,,,MEDIUM
SNOMED_CT,CARDIOLOGY,AL,restrictive_filling,Restrictive filling / grade III diastolic dysfunction,1,0,1,0,0,0,,,MEDIUM
SNOMED_CT,CARDIOLOGY,ATTRWT,small_lv_cavity,Small left-ventricular cavity,3,0,3,0,0,3,,,MEDIUM
SNOMED_CT,CARDIOLOGY,ATTRWT,tavr,Aortic valve replacement,2,0,2,0,0,0,,,MEDIUM
SNOMED_CT,CARDIOLOGY,AL | ATTRV | ATTRWT,thick_walls,Unexplained left-ventricular wall thickness / LVH,2,0,2,0,0,1,,,MEDIUM
SNOMED_CT,CARDIOLOGY,AL,troponin_result,Troponin result,1,0,1,0,0,0,,,MEDIUM
SNOMED_CT,CARDIOLOGY,,wt09_competing_hf_cause,Competing cause of heart failure,9,0,9,0,0,4,,,MEDIUM
SNOMED_CT,CARDIOLOGY,,wt11_competing_af_cause,Competing cause of atrial fibrillation,7,0,7,0,0,3,,,MEDIUM
SNOMED_CT,CARDIOLOGY,,wt12_competing_conduction_cause,Competing cause of conduction disease,7,0,7,0,0,0,,,MEDIUM
SNOMED_CT,CARDIOLOGY,,wt13_sarcomeric_hcm,Sarcomeric HCM / hypertensive remodeling,2,0,2,0,0,1,,,MEDIUM
SNOMED_CT,CARDIOLOGY,,wt18_competing_hypotension,Competing cause of falling blood pressure,7,0,7,0,0,3,,,MEDIUM
SNOMED_CT,DERMATOLOGY,,al08_competing_purpura,Competing cause of purpura or bruising,8,0,8,0,0,0,,,MEDIUM
SNOMED_CT,DERMATOLOGY,AL,ecchymosis,Spontaneous unexplained ecchymosis,2,0,2,0,0,0,,,MEDIUM
SNOMED_CT,ENT,,al07_competing_macroglossia,Competing cause of macroglossia,6,0,6,0,0,1,,,MEDIUM
SNOMED_CT,GASTROENTEROLOGY,AL,abdominal_pain,Unexplained abdominal pain,1,0,1,0,0,0,,,MEDIUM
SNOMED_CT,GENERAL_MEDICINE,,al34_competing_edema,Competing cause of edema,5,0,5,0,0,4,,,MEDIUM
SNOMED_CT,GENERAL_MEDICINE,AL,fatigue,Fatigue,1,0,1,0,0,0,,,MEDIUM
ICD10,GENERAL_MEDICINE,AL,malaise,Malaise,2,1,1,0,0,1,,,MEDIUM
SNOMED_CT,GENERAL_MEDICINE,AL,malaise,Malaise,1,0,1,0,0,0,,,MEDIUM
SNOMED_CT,GENERAL_MEDICINE,AL,other_serosal_effusion,Other serosal effusion,1,0,1,0,0,0,,,MEDIUM
SNOMED_CT,GENERAL_MEDICINE,AL,subjective_weakness,Subjective weakness,1,0,1,0,0,0,,,MEDIUM
SNOMED_CT,HEMATOLOGY,AL,myeloma_therapy_exposure,Anti-myeloma therapy exposure,1,0,1,0,0,0,,,MEDIUM
SNOMED_CT,HEMATOLOGY,AL | ATTRWT,plasma_cell_dyscrasia,Plasma-cell dyscrasia / multiple myeloma,5,0,5,0,0,0,,,MEDIUM
SNOMED_CT,HEPATOLOGY,,al18_congestive_hepatopathy,Congestive hepatopathy or competing liver disease,7,0,7,0,0,2,,,MEDIUM
SNOMED_CT,HEPATOLOGY,AL,hepatic_alp_elevation,Cholestatic alkaline phosphatase elevation,1,0,1,0,0,0,,,MEDIUM
SNOMED_CT,HEPATOLOGY,AL,hepatomegaly,Hepatomegaly,1,0,1,0,0,0,,,MEDIUM
SNOMED_CT,LABORATORY,ATTRWT,elevated_uric_acid,Elevated serum uric acid,2,0,2,0,0,0,,,MEDIUM
SNOMED_CT,MULTISPECIALTY,ATTRV,diabetes,diabetes,1,0,1,0,0,0,,,MEDIUM
SNOMED_CT,MULTISPECIALTY,AL | ATTRV,unintentional_weight_loss,Unintentional weight loss / declining BMI,1,0,1,0,0,0,,,MEDIUM
SNOMED_CT,NEPHROLOGY,,al03_competing_proteinuria,Competing cause of proteinuria,6,0,6,0,0,3,,,MEDIUM
ICD10,NEPHROLOGY,,al04_competing_nephrotic,Competing cause of nephrotic syndrome,6,6,0,0,0,5,,,MEDIUM
SNOMED_CT,NEPHROLOGY,,al04_competing_nephrotic,Competing cause of nephrotic syndrome,5,0,5,0,0,3,,,MEDIUM
SNOMED_CT,NEPHROLOGY,,al05_competing_hypoalbuminemia,Competing cause of hypoalbuminemia or edema,7,0,7,0,0,5,,,MEDIUM
SNOMED_CT,NEPHROLOGY,AL,creatinine_result,Serum creatinine result,1,0,1,0,0,0,,,MEDIUM
SNOMED_CT,NEPHROLOGY,AL | ATTRWT,egfr_result,Estimated glomerular filtration rate,1,0,1,0,0,0,,,MEDIUM
SNOMED_CT,NEPHROLOGY,AL,falling_egfr,Falling eGFR / rising creatinine,1,0,1,0,0,0,,,MEDIUM
SNOMED_CT,NEPHROLOGY,AL | ATTRWT,hypoalbuminemia,Marked hypoalbuminemia,1,0,1,0,0,0,,,MEDIUM
ICD10,NEPHROLOGY,AL,kidney_failure,Kidney failure / end-stage renal disease,4,4,0,0,0,2,,,MEDIUM
SNOMED_CT,NEPHROLOGY,AL,kidney_failure,Kidney failure / end-stage renal disease,1,0,1,0,0,0,,,MEDIUM
ICD10,NEPHROLOGY,AL,nephrotic_syndrome,Nephrotic syndrome,2,2,0,0,0,1,,,MEDIUM
SNOMED_CT,NEPHROLOGY,AL,nephrotic_syndrome,Nephrotic syndrome,1,0,1,0,0,1,,,MEDIUM
SNOMED_CT,NEPHROLOGY,AL,peripheral_edema,Peripheral edema / anasarca,2,0,2,0,0,0,,,MEDIUM
ICD10,NEPHROLOGY,AL,persistent_proteinuria,Persistent proteinuria,4,4,0,0,0,2,,,MEDIUM
SNOMED_CT,NEPHROLOGY,AL,persistent_proteinuria,Persistent proteinuria,1,0,1,0,0,0,,,MEDIUM
ICD10,NEPHROLOGY,AL,progressive_proteinuria,Progressive proteinuria,2,2,0,0,0,2,,,MEDIUM
SNOMED_CT,NEPHROLOGY,AL,progressive_proteinuria,Progressive proteinuria,1,0,1,0,0,0,,,MEDIUM
ICD10,NEPHROLOGY,AL,renal_dysfunction,Renal dysfunction / chronic kidney disease,4,4,0,0,0,4,,,MEDIUM
SNOMED_CT,NEPHROLOGY,AL,renal_dysfunction,Renal dysfunction / chronic kidney disease,1,0,1,0,0,0,,,MEDIUM
ICD10,NEUROLOGY,ATTRV,cidp,Chronic inflammatory demyelinating polyneuropathy,1,1,0,0,0,1,,,MEDIUM
SNOMED_CT,NEUROLOGY,ATTRV,cidp,Chronic inflammatory demyelinating polyneuropathy,1,0,1,0,0,1,,,MEDIUM
ICD10,NEUROLOGY,AL | ATTRV | ATTRWT,dysautonomia,Autonomic dysfunction / dysautonomia,2,2,0,0,0,2,,,MEDIUM
SNOMED_CT,NEUROLOGY,ATTRV,immunotherapy_exposure,immunotherapy exposure,1,0,1,0,0,1,,,MEDIUM
SNOMED_CT,NEUROLOGY,ATTRWT,mild_sensory_polyneuropathy,Mild-to-moderate length-dependent sensory polyneuropathy,3,0,3,0,0,0,,,MEDIUM
SNOMED_CT,NEUROLOGY,AL | ATTRV,orthostatic_intolerance,orthostatic intolerance,1,0,1,0,0,0,,,MEDIUM
ICD10,NEUROLOGY,ATTRV,plantar_ulcer,plantar ulcer,43,43,0,0,17,43,,L97.409=Non-pressure chronic ulcer of unspecified heel and midfoot with unspecified severity | L97.411=Non-pressure chronic ulcer of right heel and midfoot limited to breakdown of skin | L97.412=Non-pressure chronic ulcer of right heel and midfoot with fat layer exposed | L97.413=Non-pressure chronic ulcer of right heel and midfoot with necrosis of muscle | L97.414=Non-pressure chronic ulcer of right heel and midfoot with necrosis of bone | L97.415=Non-pressure chronic ulcer of right heel and midfoot with muscle involvement without evidence of necrosis | L97.416=Non-pressure chronic ulcer of right heel and midfoot with bone involvement without evidence of necrosis | L97.418=Non-pressure chronic ulcer of right heel and midfoot with other specified severity | L97.419=Non-pressure chronic ulcer of right heel and midfoot with unspecified severity | L97.421=Non-pressure chronic ulcer of left heel and midfoot limited to breakdown of skin | L97.422=Non-pressure chronic ulcer of left heel and midfoot with fat layer exposed | L97.423=Non-pressure chronic ulcer of left heel and midfoot with necrosis of muscle | L97.424=Non-pressure chronic ulcer of left heel and midfoot with necrosis of bone | L97.425=Non-pressure chronic ulcer of left heel and midfoot with muscle involvement without evidence of necrosis | L97.426=Non-pressure chronic ulcer of left heel and midfoot with bone involvement without evidence of necrosis | L97.428=Non-pressure chronic ulcer of left heel and midfoot with other specified severity | L97.429=Non-pressure chronic ulcer of left heel and midfoot with unspecified severity,MEDIUM
SNOMED_CT,NEUROLOGY,AL | ATTRV | ATTRWT,sfn,Small-fiber neuropathy,1,0,1,0,0,0,,,MEDIUM
ICD10,NEUROLOGY,ATTRV,urinary_incontinence,urinary incontinence,3,3,0,0,0,3,,,MEDIUM
ICD10,NEUROLOGY,ATTRV,urinary_retention,urinary retention,3,3,0,0,0,3,,,MEDIUM
SNOMED_CT,NUTRITION,,al09_competing_weight_loss,Competing cause of unintentional weight loss,5,0,5,0,0,1,,,MEDIUM
SNOMED_CT,NUTRITION,AL,weight_result,Body weight measurement,2,0,2,0,0,0,,,MEDIUM
ICD10,OPHTHALMOLOGY,ATTRV,iris_abnormality,iris abnormality,1,1,0,0,0,1,,,MEDIUM
ICD10,OPHTHALMOLOGY,AL | ATTRV | ATTRWT,scalloped_pupil,Scalloped pupil / characteristic pupillary abnormality,1,1,0,0,0,1,,,MEDIUM
ICD10,OPHTHALMOLOGY,AL | ATTRV | ATTRWT,vitreous_opacity,vitreous opacity,4,2,2,0,0,4,,,MEDIUM
ICD10,ORTHOPEDICS,ATTRWT,arthroplasty,Hip or knee arthroplasty,8,6,2,0,0,0,,,MEDIUM
SNOMED_CT,ORTHOPEDICS,ATTRWT,arthroplasty,Hip or knee arthroplasty,7,0,7,0,0,0,,,MEDIUM
ICD10,ORTHOPEDICS,AL | ATTRWT,cts_any,Carpal tunnel syndrome,2,1,1,0,0,0,,,MEDIUM
SNOMED_CT,ORTHOPEDICS,ATTRWT,shoulder_disorder,Other shoulder disorder,3,0,3,0,0,0,,,MEDIUM
ICD10,ORTHOPEDICS,ATTRWT,spontaneous_atraumatic_rupture,Spontaneous / trivial-trauma rupture mechanism,4,1,3,0,0,1,,,MEDIUM
SNOMED_CT,ORTHOPEDICS,ATTRWT,spontaneous_atraumatic_rupture,Spontaneous / trivial-trauma rupture mechanism,1,0,1,0,0,0,,,MEDIUM
SNOMED_CT,ORTHOPEDICS,ATTRWT,trigger_release,Trigger finger release procedure,6,0,6,0,0,1,,,MEDIUM
ICD10,ORTHOPEDICS,,wt03_traumatic_rupture,Traumatic biceps tendon rupture,6,0,6,0,0,0,,,MEDIUM
SNOMED_CT,ORTHOPEDICS,,wt03_traumatic_rupture,Traumatic biceps tendon rupture,1,0,1,0,0,0,,,MEDIUM
SNOMED_CT,ORTHOPEDICS_MSK,AL | ATTRV | ATTRWT,biceps_rupture,"Spontaneous distal biceps tendon rupture (""Popeye sign"")",2,0,2,0,0,0,,,MEDIUM
ICD10,ORTHOPEDICS_MSK,AL | ATTRV | ATTRWT,lumbar_stenosis,Lumbar spinal stenosis,5,4,1,0,0,0,,,MEDIUM
SNOMED_CT,ORTHOPEDICS_MSK,AL | ATTRV | ATTRWT,lumbar_stenosis,Lumbar spinal stenosis,4,0,4,0,0,0,,,MEDIUM
SNOMED_CT,ORTHOPEDICS_MSK,ATTRV | ATTRWT,rotator_cuff,Rotator cuff tear / repair,1,0,1,0,0,0,,,MEDIUM
SNOMED_CT,ORTHOPEDICS_MSK,AL | ATTRV | ATTRWT,trigger_finger,Trigger finger / stenosing tenosynovitis,3,0,3,0,0,1,,,MEDIUM
SNOMED_CT,PULMONOLOGY,,al28_competing_effusion,Competing cause of serosal effusion,6,0,6,0,0,4,,,MEDIUM
SNOMED_CT,PULMONOLOGY,AL,pleural_effusion,Pleural effusion,1,0,1,0,0,0,,,MEDIUM
SNOMED_CT,RHEUMATOLOGY,AL | ATTRWT,crp_result,C-reactive protein result,1,0,1,0,0,0,,,MEDIUM
SNOMED_CT,RHEUMATOLOGY,AL | ATTRWT,esr_result,Erythrocyte sedimentation rate result,1,0,1,0,0,0,,,MEDIUM
SNOMED_CT,RHEUMATOLOGY,AL | ATTRWT,saa_result,Serum amyloid A result,1,0,1,0,0,0,,,MEDIUM
ICD10,AUDIOLOGY,ATTRWT,age_excessive_snhl,Bilateral sensorineural hearing loss disproportionate to age,4,4,0,0,0,0,,,LOW
ICD10,CARDIOLOGY,AL,dyspnea,Dyspnea / shortness of breath,4,4,0,0,0,0,,,LOW
ICD10,CARDIOLOGY,ATTRWT,tavr,Aortic valve replacement,3,3,0,0,0,0,,,LOW
ICD10,GASTROENTEROLOGY,AL,abdominal_pain,Unexplained abdominal pain,4,4,0,0,0,0,,,LOW
ICD10,GENERAL_MEDICINE,AL,subjective_weakness,Subjective weakness,1,1,0,0,0,0,,,LOW
ICD10,HEPATOLOGY,AL,hepatomegaly,Hepatomegaly,2,2,0,0,0,0,,,LOW
ICD10,LABORATORY,ATTRWT,elevated_uric_acid,Elevated serum uric acid,1,1,0,0,0,0,,,LOW
ICD10,MULTISPECIALTY,ATTRV,diabetes,diabetes,2,2,0,0,0,0,,,LOW
ICD10,MULTISPECIALTY,AL | ATTRV | ATTRWT,fhx_adult_onset_neuropathy,Family history of unexplained adult-onset progressive neuropathy,1,1,0,0,0,0,,,LOW
ICD10,NEPHROLOGY,AL,peripheral_edema,Peripheral edema / anasarca,3,3,0,0,0,0,,,LOW
ICD10,NEUROLOGY,ATTRV,erectile_dysfunction,erectile dysfunction,1,1,0,0,0,0,,,LOW
ICD10,ORTHOPEDICS,ATTRWT,shoulder_disorder,Other shoulder disorder,10,10,0,0,0,0,,,LOW
ICD10,ORTHOPEDICS_MSK,AL | ATTRV | ATTRWT,cts_bilateral,Bilateral carpal tunnel syndrome,1,1,0,0,0,0,,,LOW
ICD10,PULMONOLOGY,AL,pleural_effusion,Pleural effusion,2,2,0,0,0,0,,,LOW
ICD10,RHEUMATOLOGY,AL | ATTRWT,crp_result,C-reactive protein result,1,1,0,0,0,0,,,LOW
ICD10,RHEUMATOLOGY,AL | ATTRWT,esr_result,Erythrocyte sedimentation rate result,1,1,0,0,0,0,,,LOW
