Sign ID,Sign / phenotype feature,Domain,Data type / source,Phenotype role,Pre-test usability,Amyloidosis suspicion importance (1-5),ATTRwt subtype distinguisher importance (1-5),Direction for ATTRwt,Evidence confidence,Evidence class,Typical timing vs diagnosis,Population / context,Quantitative / comparative evidence,Why it matters for suspicion,Key overlap / mimic / guardrail,Combination that strengthens interpretation,Threshold / criterion status,EHR detectability,Likely EHR location,Example structured fields / NLP terms,Recommended use in phenotype model,Primary source,Supporting source,NotebookLM assessment / correction,Composite pre-test priority score (0-100),Rank,Priority tier,Evidence confidence points (1-5),Pre-test usability points (1-5),EHR detectability points (1-5),Phenotype role / actionability points (1-5),ATTRwt direction multiplier,Ranking interpretation
WT01,Orthopedic/tenosynovial prodrome followed years later by otherwise unexplained cardiac disease,Multisystem / temporal,Derived longitudinal history,Core composite discriminator,Yes,5,5,Strongly supports ATTRwt,High,Systematic reviews + cohorts + screening study,Musculoskeletal events commonly 5–15 years before cardiac recognition,"Older adult, especially when several orthopedic clues precede HFpEF/LVH/AF/conduction disease","ATTRwt recognition literature repeatedly identifies bilateral CTS, lumbar stenosis and tendon/joint disease years before cardiomyopathy; bilateral CTS screening 5–15 years later found 4.8% occult CA, all ATTRwt",The temporal sequence is more discriminating than any single age-related orthopedic diagnosis and is the strongest EHR-style ATTRwt phenotype.,ATTRv can also have CTS; isolated degenerative disease is common; AL can cause cardiac amyloid but lacks this characteristic orthopedic enrichment.,?2 orthopedic/soft-tissue clues ? years later new HFpEF/LVH/AF/conduction disease,No validated universal count or time-window rule; 5–15 years is evidence-backed for CTS and broadly consistent with the musculoskeletal prodrome.,High,Derived from procedures + diagnoses + cardiology,bilateral CTS/CTR; lumbar stenosis/decompression; biceps rupture; arthroplasty; trigger finger; HFpEF; LVH; AF,Highest-priority composite feature. Model chronology and clustering rather than simple feature count.,https://pubmed.ncbi.nlm.nih.gov/36049804/,https://pmc.ncbi.nlm.nih.gov/articles/PMC9775219/,"AGREE STRONGLY: NotebookLM's main improvement is correct—ATTRwt should be modeled as a longitudinal systemic orthopedic?cardiac phenotype, not a static cardiac checklist.",100,1,Tier 1 - highest,5,5,5,5,1,"ATTRwt-oriented feature ranked using suspicion strength, subtype discrimination, evidence quality, pre-test usability, EHR detectability, and actionability."
WT04,Multiple orthopedic red flags across different tissues/procedures,Musculoskeletal,Derived longitudinal phenotype,Composite discriminator / cluster,Yes,4,5,Strongly supports ATTRwt,High,Systematic review + large ATTRwt cohort,Usually years before cardiac diagnosis,Older adult with repeated hand/spine/tendon/joint events,Large 2026 ATTRwt cohort reported prior CTS in 29% and spinal stenosis in 22%; musculoskeletal literature consistently shows enrichment across several tissues.,Reduces false positives caused by common isolated age-related orthopedic disease.,Degenerative disease burden also rises with age; subtype cannot be established from orthopedics alone.,"Any 2+ of bilateral/recurrent CTS, LSS/decompression, biceps rupture, arthroplasty, trigger finger, shoulder disease + later cardiac clue",No validated minimum feature count; 'multiple' is a research-synthesis construct for prioritization.,High,Procedures + diagnosis history,multi-joint/tendon procedure history; repeated orthopedic diagnoses,Core EHR cluster; give more weight to unusual/bilateral/recurrent events and temporal sequence.,https://pubmed.ncbi.nlm.nih.gov/41906617/,https://pmc.ncbi.nlm.nih.gov/articles/PMC9775219/,AGREE: clustering solves much of the specificity problem created by individually common degenerative conditions.,94,2,Tier 1 - highest,5,5,5,5,1,"ATTRwt-oriented feature ranked using suspicion strength, subtype discrimination, evidence quality, pre-test usability, EHR detectability, and actionability."
WT02,"Bilateral and/or recurrent carpal tunnel syndrome, especially recurrence after prior carpal tunnel release",Musculoskeletal / tenosynovial,Diagnosis + surgical history,Early extracardiac red flag,Yes,4,5,Strongly supports ATTRwt,High,Prospective screening cohort + ATTRwt cohort,Typically years before cardiac diagnosis,"Older adult; highest yield when bilateral, surgically treated, recurrent, and later accompanied by cardiac red flags","Prospective screening 5–15 years after bilateral CTS surgery: 12/250 (4.8%) had CA, all ATTRwt; 8.8% in men and 21.2% in non-obese men ?70. ATTRwt CTS study reported recurrent median neuropathy after release in 36% of symptomatic patients.",Bilateral/recurrent CTS is much more informative than a generic CTS code and is highly extractable from surgical history.,CTS is common and can occur in ATTRv; unilateral CTS has poor specificity.,Bilateral/recurrent CTR + later HFpEF/LVH/AF/conduction disease or another orthopedic red flag,Do not use the 21.2% subgroup prevalence as a general PPV; it was a selected subgroup in one screening cohort.,High,Problem list; hand surgery; procedure history,bilateral carpal tunnel; right+left CTR; recurrent median neuropathy; repeat carpal tunnel release,Tier-defining extracardiac feature; explicitly distinguish bilateral/recurrent from unilateral CTS.,https://pubmed.ncbi.nlm.nih.gov/36049804/,https://pubmed.ncbi.nlm.nih.gov/37555238/,"AGREE: add recurrence and surgical temporality. CORRECTION: subgroup prevalence is context-specific, not a universal probability.",93,3,Tier 1 - highest,5,5,5,4.5,1,"ATTRwt-oriented feature ranked using suspicion strength, subtype discrimination, evidence quality, pre-test usability, EHR detectability, and actionability."
WT03,Spontaneous or trivial-trauma distal biceps tendon rupture / 'Popeye sign',Musculoskeletal / tendon,Medical/surgical history + physical exam,Early extracardiac red flag,Yes,4,5,Strongly supports ATTRwt,High,Direct ATTRwt vs HF comparison,Median ~5 years before HF diagnosis among patients who recalled onset,Older patient with HFpEF/LVH or other ATTRwt clues,"In 111 biopsy-proven ATTRwt patients, rupture was present in 33.3% vs 2.5% of HF controls; median 5 years before HF diagnosis. A modeled PPV of 66% assumed ATTRwt prevalence of 13% in HFpEF.",Relatively unusual finding with direct comparative evidence and meaningful pre-cardiac lead time.,Traumatic/degenerative tendon rupture can occur without amyloid; published study came from a referral cohort.,Biceps rupture + bilateral CTS or spinal stenosis + unexplained HFpEF/LVH,No universal PPV. The published 66% PPV is prevalence-dependent and should only be treated as a scenario estimate.,High,Orthopedic notes; surgical history; physical exam,distal biceps rupture; atraumatic biceps rupture; Popeye sign,"Strong positive feature, especially in an appropriate cardiac/orthopedic context.",https://pubmed.ncbi.nlm.nih.gov/28898370/,https://pmc.ncbi.nlm.nih.gov/articles/PMC9775219/,AGREE WITH QUALIFICATION: the signal is real and strong; NotebookLM overstates the 66% PPV if presented outside the assumed HFpEF prevalence setting.,93,3,Tier 1 - highest,5,5,5,4.5,1,"ATTRwt-oriented feature ranked using suspicion strength, subtype discrimination, evidence quality, pre-test usability, EHR detectability, and actionability."
WT05,"Lumbar spinal stenosis/decompression, especially with thickened ligamentum flavum and another ATTR clue",Musculoskeletal / spine,Diagnosis + surgical history + routine spine MRI,Early extracardiac red flag,Yes,4,4.5,Supports ATTRwt strongly,High,Surgical/pathology cohort + systematic evidence,Often pre-cardiac,Older adult undergoing lumbar decompression,Surgical series show frequent TTR amyloid in ligamentum flavum; one 177-patient cohort found ATTRwt deposits in 16.9% and thicker ligamentum flavum in ATTR-positive specimens.,Provides a biologically plausible pre-cardiac soft-tissue manifestation and is easy to recover from procedure history.,Degenerative LSS is extremely common; localized ligament amyloid does not prove systemic cardiac ATTRwt.,LSS/decompression + bilateral CTS or biceps rupture + later cardiac red flag,Do not treat 33–45% deposition estimates from selected surgical series as prevalence of systemic ATTRwt-CM.,High,Problem list; spine MRI; operative history,lumbar spinal stenosis; laminectomy; decompression; ligamentum flavum hypertrophy,Moderate-high feature; strongest when surgical and clustered.,https://pubmed.ncbi.nlm.nih.gov/34053807/,https://pubmed.ncbi.nlm.nih.gov/41906617/,"AGREE WITH CORRECTION: include LSS and ligamentum-flavum thickening, but separate local surgical amyloid deposition from systemic ATTRwt-CM.",90,5,Tier 1 - highest,5,5,5,4.5,1,"ATTRwt-oriented feature ranked using suspicion strength, subtype discrimination, evidence quality, pre-test usability, EHR detectability, and actionability."
WT11,"Atrial fibrillation/flutter, especially with LV thickening or orthopedic ATTR clues",Cardiac electrical,Diagnosis + ECG,Cardiac red flag / comparative clue,Yes,4,4,Supports ATTRwt,High,Direct AL-vs-ATTRwt EHR study + cohorts,May precede formal diagnosis,Older adult with otherwise unexplained AF plus structural/orthopedic red flags,Matched prediagnosis EHR data found AF/flutter more frequent in ATTRwt than AL (56% vs 37%).,Useful because AF often appears before formal amyloid recognition and is routinely coded.,AF is very common with aging and valvular disease.,AF + CTS/LSS + HFpEF/LVH or conduction disease,No AF burden threshold is validated for ATTRwt suspicion.,High,Problem list; ECG,atrial fibrillation; atrial flutter,Moderate-high feature when paired with other ATTRwt clues.,https://medinform.jmir.org/2026/1/e85803,https://pubmed.ncbi.nlm.nih.gov/36907828/,"AGREE WITH EMPHASIS: electrical history deserves higher placement than in the original table, but AF alone is nonspecific.",81.7,6,Tier 2 - high,5,5,5,4,1,"ATTRwt-oriented feature ranked using suspicion strength, subtype discrimination, evidence quality, pre-test usability, EHR detectability, and actionability."
WT09,Unexplained HFpEF / heart failure in an older adult,Cardiac,Diagnosis / clinical history,High-yield cardiac entry phenotype,Yes,5,3.5,Supports ATTRwt/ATTR,High,Systematic review/meta-analysis + cohorts,Usually near cardiac recognition,"Older adult with HFpEF, especially with orthopedic/electrical red flags",Screening meta-analysis found CA prevalence ~12% in HFpEF settings; ATTR accounts for many cases. ATTRwt is a common form in older adults.,Provides the most common clinical doorway into cardiac amyloidosis.,HFpEF is common and AL/ATTRv/non-amyloid disease overlap.,HFpEF + bilateral/recurrent CTS/LSS/biceps rupture + AF/conduction disease/LVH,No age cutoff alone mandates amyloid testing; use enriched phenotype rather than age+HFpEF only.,High,Problem list; cardiology,HFpEF; diastolic HF; heart failure,"High amyloidosis importance, only moderate ATTRwt subtype weight.",https://pubmed.ncbi.nlm.nih.gov/35509173/,https://pubmed.ncbi.nlm.nih.gov/35343098/,"AGREE: keep as a high-yield entry point, but it is not a wild-type discriminator by itself.",81,7,Tier 2 - high,5,5,5,4.5,0.9,"ATTRwt-oriented feature ranked using suspicion strength, subtype discrimination, evidence quality, pre-test usability, EHR detectability, and actionability."
WT12,"Conduction disease (AV block, bundle branch block, sinus-node disease) and/or pacemaker implantation",Cardiac electrical,ECG + procedure history,Cardiac red flag,Yes,4.5,4,Supports ATTRwt/ATTR,High,Consensus/review + screening meta-analysis,May precede or coincide with diagnosis,"Older adult with unexplained conduction disease, particularly with LV thickening or orthopedic clues","Conduction-system disease is a recognized ATTR manifestation; historical ATTRwt cohorts report high pacemaker prevalence, while screening studies show lower yields in unselected pacemaker populations.",Device/procedure history can reveal infiltrative disease before classic HF presentation.,Age-related conduction disease is common; ATTRv can also cause conduction disease.,Pacemaker/AV block + CTS/LSS + LVH/HFpEF,Do not use 40–44% pacemaker prevalence as a general-population screening yield; it reflects diagnosed ATTRwt cohorts.,High,ECG; device/procedure table,AV block; RBBB/LBBB; sick sinus syndrome; pacemaker,Moderate-high ATTRwt feature in a multi-domain cluster.,https://pubmed.ncbi.nlm.nih.gov/33825853/,https://pubmed.ncbi.nlm.nih.gov/35509173/,AGREE: add pacemaker/conduction history. CORRECTION: cohort prevalence at diagnosis is not the same as predictive value in pacemaker patients.,80.1,8,Tier 2 - high,5,5,5,4,0.9,"ATTRwt-oriented feature ranked using suspicion strength, subtype discrimination, evidence quality, pre-test usability, EHR detectability, and actionability."
WT20,Incidental myocardial uptake on bone-avid scintigraphy performed for a NON-amyloidosis indication,Incidental imaging,Bone scintigraphy performed for oncology/bone/rheumatologic reason,Incidental high-yield clue,Only if ordered independently of amyloid work-up,5,4.5,Strongly supports ATTR cardiac amyloidosis,High,Systematic review/meta-analysis of screening studies,Potentially pre-symptomatic/incidental,Older patient undergoing bone scan for unrelated indication,Meta-analysis of non-cardiac bone-scintigraphy settings estimated ~1% CA prevalence; incidental myocardial tracer retention is a recognized route to identifying ATTR.,This is unusually direct objective evidence discovered before an amyloid-specific work-up.,Once deliberately ordered for amyloidosis it is no longer a pre-test sign. AL exclusion and proper diagnostic interpretation remain mandatory.,Incidental uptake + orthopedic/cardio ATTR phenotype,Only count if scan was genuinely ordered for another reason. Do not treat as phenotype if PYP/DPD was ordered because amyloid was already suspected.,Moderate,Nuclear medicine report,incidental cardiac uptake; myocardial tracer retention on bone scan,Very high actionability; separate incidental finding from amyloid-specific diagnostic testing.,https://pubmed.ncbi.nlm.nih.gov/35509173/,https://pubmed.ncbi.nlm.nih.gov/33825853/,"AGREE: include only as an incidental pre-test finding, consistent with your requirement that imaging not have been ordered specifically for amyloidosis.",75.9,9,Tier 2 - high,5,4,3.5,4.5,0.8,"ATTRwt-oriented feature ranked using suspicion strength, subtype discrimination, evidence quality, pre-test usability, EHR detectability, and actionability."
WT10,Unexplained LV wall thickening / increased relative wall thickness / non-dilated LV on routine echocardiography,Cardiac imaging,Routine echocardiogram,Cardiac red flag,Yes if obtained for routine care,5,3.5,Supports cardiac amyloidosis; ATTRwt possible,High,Systematic review + ATTRwt echo cohort,"Near cardiac presentation, sometimes incidental",Older HF/HCM/AS patient without sufficient hypertensive explanation,Wall thickening is the most commonly cited ATTRwt suspicion criterion across the systematic literature. A 2026 ATTRwt echo cohort showed sex-related sensitivity gaps for septal thickness.,Objective routine imaging often converts nonspecific HF symptoms into infiltrative-cardiomyopathy suspicion.,"Hypertension, HCM, AS, AL and ATTRv overlap substantially.",LV thickening/RWT + orthopedic prodrome + AF/conduction disease,Do NOT hard-code a universal 11-mm female threshold. Use sex/body-size-aware LVMI or lower suspicion threshold; evidence for exact cutoff remains limited.,High,Echo report,IVST; posterior wall thickness; LVMI; relative wall thickness; small LV cavity,"High cardiac-amyloid trigger, moderate subtype discriminator. Preserve female sensitivity.",https://pubmed.ncbi.nlm.nih.gov/35343098/,https://pubmed.ncbi.nlm.nih.gov/41752875/,"AGREE ON FEMALE UNDERDIAGNOSIS; CORRECT NotebookLM's proposed universal ?11 mm female cutoff. Current evidence supports sex-specific interpretation/LVMI, not a validated 11-mm rule.",69.4,10,Tier 3 - moderate,5,5,5,4,0.8,"ATTRwt-oriented feature ranked using suspicion strength, subtype discrimination, evidence quality, pre-test usability, EHR detectability, and actionability."
WT13,Late-onset HCM phenotype / asymmetric septal hypertrophy without a convincing sarcomeric explanation,Cardiac imaging / diagnostic history,Diagnosis + echocardiogram/CMR,Cardiac red flag / mimic,Yes,4.5,4,Supports cardiac amyloidosis; ATTRwt often found,High,Tertiary HCM referral cohort,At or before amyloid recognition,"Adults with newly recognized HCM phenotype, particularly older age","Among 343 adults referred with an initial HCM diagnosis, 9% ultimately had cardiac amyloidosis; CA prevalence rose to 21% at 70–79 and 26% ?80, including 17 ATTRwt cases.",Corrects the false assumption that amyloid hypertrophy must be purely concentric.,Sarcomeric HCM and hypertensive remodeling remain common; cohort was referral-enriched.,Late-onset HCM + CTS/LSS/AF/conduction disease or low-voltage/mass discordance,No universal age cutoff; evidence specifically says age should raise suspicion but does not mandate testing alone.,High,Problem list; echo/CMR,HCM; asymmetric septal hypertrophy; basal septal hypertrophy,High-value cardiac-mimic trigger in older adults.,https://pubmed.ncbi.nlm.nih.gov/31371117/,https://pubmed.ncbi.nlm.nih.gov/35343098/,AGREE: this was missing. CORRECTION: NotebookLM's exact 23–25% asymmetric figure is cohort-dependent; the robust message is that asymmetric/HCM morphology does not exclude ATTR.,69.4,10,Tier 3 - moderate,5,5,5,4,0.8,"ATTRwt-oriented feature ranked using suspicion strength, subtype discrimination, evidence quality, pre-test usability, EHR detectability, and actionability."
WT06,"Hip or knee arthroplasty years before cardiac disease, especially multiple/bilateral large-joint replacements",Musculoskeletal / joint,Surgical history,Supporting extracardiac red flag,Yes,3,4,Supports ATTR/ATTRwt,Moderate-High,Comparative cardiac amyloid cohort,Mean ~7 years before ATTR cardiac diagnosis in one cohort,Older adult with later cardiac ATTR red flags,"In a cardiac amyloid cohort, THA and TKA were more common in ATTR than population controls (relative risks ~5.6 and ~3.3), and arthroplasty preceded ATTR cardiac diagnosis by mean 7.2 years.",Adds an underused surgical-history clue to the orthopedic prodrome.,"Evidence was ATTR broadly, not strictly ATTRwt; arthroplasty is common from osteoarthritis.",Multiple/bilateral arthroplasties + CTS/LSS + later HFpEF/LVH,No validated arthroplasty count or latency threshold for ATTRwt.,High,Procedure history; orthopedic notes,THA; TKA; total hip replacement; total knee replacement; bilateral arthroplasty,Supportive cluster feature; do not rank as highly as bilateral/recurrent CTS or biceps rupture.,https://pubmed.ncbi.nlm.nih.gov/28906148/,https://pmc.ncbi.nlm.nih.gov/articles/PMC9775219/,"PARTLY AGREE: add it, but NotebookLM over-attributes an ATTR-wide cohort specifically to ATTRwt.",69.1,12,Tier 3 - moderate,4.5,5,5,4,0.9,"ATTRwt-oriented feature ranked using suspicion strength, subtype discrimination, evidence quality, pre-test usability, EHR detectability, and actionability."
WT14,"Severe aortic stenosis, particularly low-flow/low-gradient AS with additional amyloid red flags",Cardiac / valvular,Diagnosis + echocardiogram,High-risk population,Yes,4,3,Supports ATTR-CM; ATTRwt plausible,High,Prospective multicenter cohort + meta-analysis,At valve evaluation / TAVR work-up,Older severe-AS population,"Screening studies consistently find a meaningful coexistence of CA in severe AS; meta-analyses support an enriched prevalence, predominantly ATTR.",Defines a clinical population in which other ATTRwt clues should be actively sought.,AS itself causes LVH/HF and is common in the elderly; not wild-type-specific.,Severe AS + CTS/LSS/AF/conduction disease + disproportionate wall thickening/low flow,Do not hard-code '30% in low-flow low-gradient' as universal; estimates vary by cohort and selection.,High,Problem list; echo; valve clinic,severe AS; low-flow low-gradient; TAVR/SAVR,"Population-enrichment feature, not a subtype-defining sign.",https://pubmed.ncbi.nlm.nih.gov/33181246/,https://pubmed.ncbi.nlm.nih.gov/38367883/,"AGREE WITH QUALIFICATION: active suspicion in AS is justified, but NotebookLM's 30% figure should not be treated as a general rate.",68,13,Tier 3 - moderate,5,5,5,4,0.9,"ATTRwt-oriented feature ranked using suspicion strength, subtype discrimination, evidence quality, pre-test usability, EHR detectability, and actionability."
WT16,Voltage-to-mass discordance and/or pseudoinfarction pattern; normal voltage must not rule out ATTRwt,Cardiac electrical,ECG + echocardiogram,Cardiac red flag / false-negative guardrail,Yes,4,3.5,Supports cardiac amyloidosis; ATTRwt possible,High,Guideline/review + cohort literature,Near cardiac presentation,Older patient with increased wall thickness,Low voltage is not present in most ATTRwt patients; pseudoinfarction/Q-wave patterns and conduction abnormalities are common reported findings.,"The key signal is mismatch between electrical voltage and myocardial mass, not 'low voltage required'.",AL also produces low voltage/pseudoinfarction; prior MI can mimic Q waves.,Discordant ECG + LV thickening + orthopedic ATTRwt history,Do not use absence of low voltage as negative evidence against ATTRwt.,High,ECG + echo,low QRS voltage; pseudoinfarction; Q waves V1-V3; voltage/mass discordance,Use as cardiac-amyloid evidence and explicit false-negative guardrail.,https://pubmed.ncbi.nlm.nih.gov/33825853/,https://pmc.ncbi.nlm.nih.gov/articles/PMC8274453/,AGREE STRONGLY with correcting the low-voltage myth. Exact 60–63% pseudoinfarction rates are cohort-dependent.,64.7,14,Tier 3 - moderate,5,5,5,4,0.8,"ATTRwt-oriented feature ranked using suspicion strength, subtype discrimination, evidence quality, pre-test usability, EHR detectability, and actionability."
WT15,Relative apical sparing of longitudinal strain,Cardiac imaging,Routine echocardiogram with strain,Cardiac red flag,Yes if obtained for routine care,4.5,2.5,Supports cardiac amyloidosis; weak ATTRwt discriminator,High,Validation cohort + imaging literature,Usually near cardiac recognition,Thick-wall HF/HCM phenotype,"ATTR-CM cohorts commonly demonstrate relative apical sparing, though prevalence and performance vary across cohorts and software.",Useful for raising amyloidosis suspicion from an ordinary echo.,AL can also show apical sparing; it cannot establish ATTRwt.,Apical sparing + orthopedic prodrome + AF/conduction disease,No single strain ratio should be used as a stand-alone ATTRwt diagnostic threshold.,High,Echo strain report,relative apical sparing; RELAPS; GLS,"High amyloid-suspicion score, deliberately lower subtype score.",https://pubmed.ncbi.nlm.nih.gov/39679323/,https://pubmed.ncbi.nlm.nih.gov/33825853/,"AGREE AS A CARDIAC AMYLOID CLUE, not as an ATTRwt discriminator.",62.4,15,Tier 3 - moderate,5,5,5,4,0.8,"ATTRwt-oriented feature ranked using suspicion strength, subtype discrimination, evidence quality, pre-test usability, EHR detectability, and actionability."
WT18,"Long-standing hypertension becoming unexpectedly normal/low, or new intolerance of standard HF/antihypertensive therapy",Cardiovascular history,Longitudinal vitals + medication history,Historical cardiac red flag,Yes,3.5,3.5,Supports ATTR cardiac amyloidosis,Moderate,Consensus/review evidence,Can emerge as cardiomyopathy progresses,"Previously hypertensive older adult with falling BP, syncope or medication de-escalation",Expert cardiac amyloidosis literature recognizes hypotension and intolerance of ACEi/ARB/beta-blockers as clues as restrictive physiology advances.,Longitudinal medication/BP history may be visible before amyloid work-up and is often overlooked.,"Frailty, dehydration, autonomic disease, CKD and medication changes can cause the same pattern; not wild-type-specific.",Falling BP/intolerance + LVH/HFpEF + orthopedic ATTR history,No validated magnitude of BP fall or medication-count threshold.,Moderate,Vitals; medication lists; cardiology notes,de-escalated antihypertensives; hypotension; beta-blocker intolerance; ACEi/ARB intolerance,Moderate supporting feature; use longitudinally and in combination.,https://pmc.ncbi.nlm.nih.gov/articles/PMC8274453/,https://pubmed.ncbi.nlm.nih.gov/33825853/,"AGREE AS A HISTORICAL CLUE, but NotebookLM overstates it if treated as a high-specificity ATTRwt sign.",60.7,16,Tier 3 - moderate,3.5,5,3.5,4,0.8,"ATTRwt-oriented feature ranked using suspicion strength, subtype discrimination, evidence quality, pre-test usability, EHR detectability, and actionability."
WT17,Reduced myocardial contraction fraction (MCF) despite preserved or mildly reduced LVEF,Cardiac imaging / derived measure,Echocardiogram-derived metric,Supporting cardiac clue / research feature,Yes if obtainable from routine echo,3.5,3,Supports ATTR cardiac involvement,Moderate-High,Large THAOS prognostic cohort + cardiac amyloid studies,Usually established cardiac involvement,Patient with suspected infiltrative HF where EF seems deceptively preserved,"In 530 THAOS ATTR subjects (158 ATTRwt), MCF <25% strongly predicted mortality and outperformed EF for prognosis.",MCF captures reduced myocardial shortening despite apparently preserved EF and may help reveal infiltrative physiology.,Evidence is stronger for prognosis/functional characterization than for pre-test ATTRwt diagnosis.,Low MCF + LV thickening/RWT + orthopedic/electrical red flags,NotebookLM's MCF <35% as a screening cutoff is not established here; THAOS prognostic work used <25%.,Moderate,Echo measurements / derived analytics,stroke volume; myocardial volume; MCF,Research-supportive derived feature; do not make it a Tier-1 screening cutoff.,https://pubmed.ncbi.nlm.nih.gov/30010028/,https://pmc.ncbi.nlm.nih.gov/articles/PMC8274453/,"PARTLY AGREE: include MCF, but downgrade it. Evidence supports physiologic/prognostic value more strongly than a validated pre-test diagnostic threshold.",58.2,17,Tier 3 - moderate,4.5,4,3.5,3.5,0.8,"ATTRwt-oriented feature ranked using suspicion strength, subtype discrimination, evidence quality, pre-test usability, EHR detectability, and actionability."
WT07,"Trigger finger / digit-trigger release, especially multiple digits or combined with CTS",Musculoskeletal / tenosynovial,Diagnosis + surgical history,Supporting extracardiac red flag,Yes,3,3.5,Supports ATTR,Moderate-High,Large population cohort + musculoskeletal review,Can precede systemic diagnosis,"Older adult, especially with other tenosynovial manifestations","Population data found subsequent amyloidosis risk elevated after trigger release (sHR ~4.8), higher after CTS release and highest when both procedures occurred.",Useful as a marker of broader tenosynovial disease rather than a standalone sign.,Outcome was amyloidosis broadly; not ATTRwt-specific. Trigger finger is common.,Multiple trigger fingers/trigger release + bilateral CTS + later cardiac red flags,No ATTRwt-specific universal biopsy prevalence or time threshold should be encoded.,High,Hand surgery; problem list,trigger finger; stenosing tenosynovitis; trigger release,Low-moderate standalone weight; meaningful as part of a tenosynovial cluster.,https://pubmed.ncbi.nlm.nih.gov/35346527/,https://pmc.ncbi.nlm.nih.gov/articles/PMC9775219/,"PARTLY AGREE: include as cluster evidence, but do not convert general amyloidosis associations into an ATTRwt-specific effect size.",56.6,18,Tier 3 - moderate,4.5,5,5,4,0.8,"ATTRwt-oriented feature ranked using suspicion strength, subtype discrimination, evidence quality, pre-test usability, EHR detectability, and actionability."
WT19,Low BNP-to-LV mass index ratio relative to AL (experimental comparative feature),Cardiac laboratory + imaging,Routine BNP + echo-derived LVMI,Experimental discriminator,Only if obtained independently of amyloid work-up,3,3.5,Supports TTR over AL; ATTRwt plausible,Moderate,Small direct TTR-vs-AL comparative cohort,At cardiac presentation,Patient with cardiac amyloid phenotype and both BNP and LVMI available,Small study: BNP/LVMI 2.9 in TTR vs 6.7 in AL; ratio <3.5 had sensitivity 71% and specificity 83% for TTR.,Potentially useful comparative signal reflecting greater mass relative to biomarker elevation in TTR.,"Study was small and compared TTR broadly, not ATTRwt specifically; renal function and assay/context influence BNP.",Low BNP/LVMI + orthopedic ATTR phenotype and no strong AL renal/mucocutaneous pattern,Experimental; do not use <3.5 as a validated clinical ATTRwt cutoff.,Moderate,Labs + echo,BNP; LV mass index; BNP/LVMI,"Research feature only; useful for model exploration, not clinical rule.",https://pubmed.ncbi.nlm.nih.gov/26251157/,https://pubmed.ncbi.nlm.nih.gov/33825853/,"PARTLY AGREE: real comparative result, but NotebookLM presents it too strongly and too specifically as ATTRwt.",54.9,19,Tier 4 - low,3.5,4,3.5,3,0.8,"ATTRwt-oriented feature ranked using suspicion strength, subtype discrimination, evidence quality, pre-test usability, EHR detectability, and actionability."
WT08,Rotator cuff tear/repair or other shoulder pathology as part of an orthopedic cluster,Musculoskeletal / shoulder,Diagnosis + imaging + surgical history,Supporting extracardiac red flag,Yes,2.5,3,Supports ATTR modestly,Moderate,Comparative cardiac amyloid cohort + review,May precede cardiac diagnosis; exact latency uncertain,Older adult with other ATTR orthopedic clues,Shoulder pathology is more common in ATTR cardiac amyloidosis than AL/general populations in comparative studies; published data support an association but are less mature than CTS.,Can strengthen a broad connective-tissue/soft-tissue phenotype.,Very common degenerative condition; weak specificity and less clear timing.,Shoulder disease + bilateral CTS/LSS/biceps rupture + later cardiac disease,No validated rotator-cuff threshold; exact 9.9% figures are cohort-specific.,High,Orthopedic notes; MRI; procedures,rotator cuff tear; shoulder arthroplasty; rotator cuff repair,Use only as a low-weight cluster enhancer.,https://pubmed.ncbi.nlm.nih.gov/36566619/,https://pmc.ncbi.nlm.nih.gov/articles/PMC9775219/,AGREE ONLY AS SUPPORTIVE: NotebookLM gives this more specificity than the evidence justifies.,49.9,20,Tier 4 - low,3.5,5,5,4,0.8,"ATTRwt-oriented feature ranked using suspicion strength, subtype discrimination, evidence quality, pre-test usability, EHR detectability, and actionability."
WT23,Older age and male sex pattern,Demographic,Demographics,Background prior-probability modifier,Yes,2.5,3,Supports ATTRwt modestly,High,Registry/cohort evidence,Baseline context,Typically late-life presentation; historically male-predominant diagnosed cohorts,"ATTRwt cohorts are older and often male-predominant, but screening/autopsy data show women are under-recognized.",Useful only as a prior-probability modifier around much more informative clinical features.,Older age does not distinguish ATTRwt from ATTRv reliably; women can have ATTRwt.,Older age/male sex + orthopedic-to-cardiac trajectory,No sex or age cutoff should be required. Pathogenic TTR variants occur in elderly ATTR-CM patients.,High,Demographics,age; sex,Low-weight modifier; never use as an entry criterion by itself.,https://pubmed.ncbi.nlm.nih.gov/36644836/,https://pubmed.ncbi.nlm.nih.gov/35509173/,CORRECTED: retain demographic prior probability but reject NotebookLM-style fixed male ?60/female ?65 screening gateway as insufficiently validated and potentially biased.,49,21,Tier 4 - low,5,5,5,3.5,0.7,"ATTRwt-oriented feature ranked using suspicion strength, subtype discrimination, evidence quality, pre-test usability, EHR detectability, and actionability."
WT21,Bilateral sensorineural hearing loss greater than expected for age,Neurologic / sensory,Audiology / ENT history,Supporting extracardiac clue,Yes,2.5,3,Supports ATTRwt modestly,Moderate-Low,Small ATTRwt pilot + later ATTR observational evidence,May precede cardiac recognition,Older adult with otherwise unexplained hearing loss and other ATTR clues,"Pilot ATTRwt study of 16 men found sensorineural hearing loss in all, more severe than age expectations; later ATTR cohorts support hearing impairment as an extracardiac feature.",Potentially extends ATTRwt recognition beyond cardiology/orthopedics.,Presbycusis is extremely common; original ATTRwt study was very small. Exact 5.1-year lead time is not robust enough for universal use.,Hearing loss + CTS/LSS + cardiac phenotype,No validated audiometric threshold for ATTRwt suspicion.,Moderate,Audiology; ENT notes,sensorineural hearing loss; bilateral hearing aids; presbycusis disproportionate,Low-moderate cluster enhancer only.,https://pubmed.ncbi.nlm.nih.gov/28598686/,https://pubmed.ncbi.nlm.nih.gov/41906617/,"PARTLY AGREE: retain, but NotebookLM overstates prevalence/specificity and the exact lead-time evidence.",42.7,22,Tier 4 - low,2.5,5,3.5,3.5,0.7,"ATTRwt-oriented feature ranked using suspicion strength, subtype discrimination, evidence quality, pre-test usability, EHR detectability, and actionability."
WT24,Female patient with ATTR-like phenotype despite septal wall thickness <12 mm,Sex-specific cardiac imaging,Demographics + echocardiogram,False-negative guardrail,Yes,4,3.5,ATTRwt remains possible,Moderate-High,Recent ATTRwt sex-specific cohort,At cardiac presentation,Women with HFpEF/orthopedic/arrhythmia ATTR clues but modest wall thickness,"In a 2026 ATTRwt cohort, IVST ?12 mm was present in only 64.4% of women vs 100% of men; sex-specific LVMI improved sensitivity.",Prevents under-detection caused by male-derived wall-thickness thresholds.,Small cohort; exact best threshold needs validation.,Female + HFpEF/AF/CTS/LSS + increased LVMI/RWT even if IVST <12 mm,Do NOT hard-code ?11 mm as a validated female cutoff; use sex-specific LVMI/body-size-aware interpretation and broader red flags.,High,Demographics + echo,IVST; LVMI; RWT; female sex,Guardrail against false-negative screening rather than a positive sign.,https://pubmed.ncbi.nlm.nih.gov/41752875/,https://pubmed.ncbi.nlm.nih.gov/35343098/,"AGREE ON THE PROBLEM, DISAGREE ON THE FIXED 11-MM RULE. Current evidence supports sex-specific assessment, not a universal replacement cutoff.",32.6,23,Guardrail / differential,4.5,5,5,4,0.4,Guardrail / differential: retained because it changes subtype interpretation but intentionally receives a low ATTRwt-positive ranking.
WT22,Mild-to-moderate length-dependent sensory polyneuropathy in an otherwise ATTRwt-like older cardiac/orthopedic phenotype,Neurologic,Diagnosis + neurologic exam/EMG,Supporting extracardiac clue / subtype guardrail,Yes,2.5,2.5,ATTRwt remains possible,Moderate,ATTRwt neurologic cohort + comparative literature,Usually with established systemic/cardio phenotype,Older ATTRwt-like patient without strong hereditary/autonomic pattern,ATTRwt cohorts increasingly report sensory length-dependent neuropathy; prevalence varies widely by ascertainment.,Prevents the old assumption that any neuropathy automatically means ATTRv.,"Prominent painful small-fiber neuropathy, severe dysautonomia, GI failure, ocular signs or family history shift strongly toward ATTRv; AL also causes neuropathy.",Mild sensory PN + strong orthopedic/cardio ATTRwt cluster and no hereditary red flags,No neuropathy severity threshold defines ATTRwt.,High,Neurology; EMG; problem list,sensory polyneuropathy; axonal neuropathy; numbness,Low-moderate positive/compatibility feature; subtype interpretation depends on phenotype severity.,https://pubmed.ncbi.nlm.nih.gov/34994254/,https://pubmed.ncbi.nlm.nih.gov/36644836/,"AGREE WITH MAJOR QUALIFICATION: ATTRwt neuropathy exists, but severe autonomic/GI or hereditary-pattern neuropathy should not be scored as ATTRwt-positive.",25.4,24,Guardrail / differential,3.5,5,5,4,0.4,Guardrail / differential: retained because it changes subtype interpretation but intentionally receives a low ATTRwt-positive ranking.
WT30,Elevated serum uric acid,Metabolic laboratory,Routine chemistry,Prognostic marker — not recommended as suspicion feature,Yes,1.5,1,Very weak ATTRwt support; prognostic only,Moderate-High,ATTR/TTR cardiac prognostic cohorts,At established cardiac disease,Patients with diagnosed ATTR cardiac amyloidosis,"In a 300-patient ATTR cardiac cohort, uric acid >8.8 mg/dL was associated with shorter survival; other ATTRwt cohorts also linked higher uric acid to mortality.","Shows disease severity/prognosis, but does not establish that uric acid helps distinguish undiagnosed ATTRwt from common elderly comorbidities.","CKD, diuretics, gout, metabolic syndrome and HF commonly elevate uric acid.",Do not use for positive suspicion; at most retain for prognosis/severity research,No validated pre-test cutoff for ATTRwt suspicion.,High,Chemistry lab,serum uric acid; urate,Tier 5 / weak. Exclude from positive screening score unless a future comparative prediagnosis study demonstrates discrimination.,https://pubmed.ncbi.nlm.nih.gov/31825676/,https://pubmed.ncbi.nlm.nih.gov/26660282/,"DISAGREE with NotebookLM labeling uric acid a 'suspicion marker'. Evidence supports prognosis/severity after ATTR cardiac disease, not useful pre-test subtype discrimination.",23.8,25,Tier 5 - weak,4.5,5,5,2,0.5,"ATTRwt-oriented feature ranked using suspicion strength, subtype discrimination, evidence quality, pre-test usability, EHR detectability, and actionability."
WT25,Monoclonal gammopathy / MGUS in an otherwise ATTRwt-like phenotype,Hematology / differential,Routine monoclonal studies or prior diagnosis,Subtype guardrail,Only if already known,4,1.5,Does not exclude ATTRwt; raises AL concern,High,Biopsy-proven ATTR cohort + guidelines,At or before amyloid evaluation,Older adult with cardiac/orthopedic ATTR phenotype,"In biopsy-proven ATTRwt, 55/140 (39%) met the study's MGUS definition. Thus a monoclonal abnormality is not proof that the cardiac disease is AL.","Prevents the dangerous error 'monoclonal protein = AL, therefore not ATTR'.",AL is urgent and must be actively excluded. Presence of monoclonal protein invalidates simple non-invasive ATTR attribution and usually requires definitive typing in the clinical pathway.,MGUS + strong orthopedic/cardio ATTR phenotype ? keep both AL and ATTR in differential,Do not treat MGUS as ATTRwt-positive evidence. It is a differential guardrail and changes the diagnostic pathway.,High,Hematology history; lab results,MGUS; M-spike; monoclonal gammopathy; immunofixation,Guardrail only; low positive-ranking multiplier but high clinical importance.,https://pubmed.ncbi.nlm.nih.gov/29424556/,https://pubmed.ncbi.nlm.nih.gov/33825853/,"AGREE STRONGLY with the 'MGUS trap'. It belongs in the table as a guardrail, not a positive ATTRwt sign.",20.7,26,Guardrail / differential,5,4,5,4,0.3,Guardrail / differential: retained because it changes subtype interpretation but intentionally receives a low ATTRwt-positive ranking.
WT26,Abnormal serum free-light-chain ratio in CKD that may reflect renal clearance rather than monoclonality,Renal / hematology,Routine labs if already available,Subtype guardrail,Only if already known,3.5,1.5,Does not exclude ATTRwt; may be CKD-related FLC shift,High,Large population CKD reference-interval study,At differential work-up or incidental monoclonal testing,Patient with reduced eGFR and mildly abnormal FLC ratio,"iStopMM proposed Freelite FLC-ratio reference intervals 0.46–2.62 for eGFR 45–59, 0.48–3.38 for 30–44, and 0.54–3.30 for <30.",Prevents false AL classification caused by renal impairment.,Assay-specific reference ranges matter; true AL can coexist with CKD; immunofixation context remains essential.,CKD + mild FLC-ratio shift + negative/discordant monoclonal evidence + strong ATTR phenotype,CORRECTION: do not use one blanket 0.54–3.30 range for all eGFR ?45. Use assay- and eGFR-specific reference data.,High,Chemistry + hematology lab,eGFR; kappa; lambda; FLC ratio,Guardrail; not ATTRwt-positive evidence.,https://pubmed.ncbi.nlm.nih.gov/36100605/,https://pubmed.ncbi.nlm.nih.gov/29424556/,"DISAGREE WITH NOTEBOOKLM'S SINGLE CKD RANGE. The renal-correction principle is correct, but the proposed cutoff was oversimplified.",19.8,27,Guardrail / differential,5,4,5,4,0.3,Guardrail / differential: retained because it changes subtype interpretation but intentionally receives a low ATTRwt-positive ranking.
WT27,"Nephrotic-range proteinuria/marked hypoalbuminemia, macroglossia/periorbital purpura, or strong plasma-cell-disorder context",Renal / mucocutaneous / hematology,History + exam + routine labs,Counter-evidence / AL differential,Yes,5,1,Raises AL concern,High,AL guidelines + comparative EHR evidence,Before/at systemic presentation,Any patient with suspected cardiac amyloid,Prediagnosis EHR data show proteinuria/nephrotic and clonal diagnoses are more AL-oriented than ATTRwt; classic mucocutaneous features strongly favor AL.,Protects against incorrectly calling an AL patient ATTRwt because the heart looks amyloid.,"MGUS can coexist with ATTRwt, so subtype must remain unresolved until appropriate typing; renal disease can have non-amyloid causes.",Heavy proteinuria + clonal/mucocutaneous AL pattern ? prioritize AL exclusion,No absolute exclusion; this is a strong directional counter-signal.,High,Labs; problem list; exam notes,nephrotic syndrome; proteinuria; hypoalbuminemia; macroglossia; periorbital purpura; myeloma,ATTRwt down-weight / urgent AL guardrail.,https://medinform.jmir.org/2026/1/e85803,https://pubmed.ncbi.nlm.nih.gov/29424556/,"AGREE WITH DIFFERENTIAL EMPHASIS: the ATTRwt table needs explicit AL-negative-direction rows, not only ATTR-positive red flags.",11.1,28,Guardrail / differential,5,5,5,4,0.2,Guardrail / differential: retained because it changes subtype interpretation but intentionally receives a low ATTRwt-positive ranking.
WT28,Prominent painful polyneuropathy with marked dysautonomia/GI dysfunction ± family history or ocular signs,Neurologic / autonomic / hereditary,History + diagnoses + family history,Counter-evidence / ATTRv differential,Yes,4.5,1,Points toward ATTRv,High,ATTRv consensus + genotype comparison,Often earlier in ATTRv than classic ATTRwt cardiomyopathy,Patient with systemic TTR-like phenotype dominated by neurologic/autonomic features,"ATTRv consensus emphasizes progressive PN plus autonomic, GI, cardiac, family and ocular red flags. Hereditary ATTR can occur even in older patients.",Protects against calling any TTR-looking elderly patient wild-type.,"ATTRwt can have some neuropathy/orthostasis, but severe or early autonomic/mixed phenotype shifts toward ATTRv.",Painful/axonal PN + orthostasis/GI/weight loss + family/ocular signs,Family history is supportive but absence does not exclude ATTRv; age does not establish wild-type.,High,Neurology; GI; family history,small-fiber neuropathy; dysautonomia; orthostasis; diarrhea/constipation; vitreous opacities; family neuropathy,Strong ATTRwt down-weight / ATTRv guardrail.,https://pubmed.ncbi.nlm.nih.gov/31907599/,https://pubmed.ncbi.nlm.nih.gov/36644836/,"AGREE: NotebookLM correctly distinguishes ATTRv's neurologic/autonomic pattern, but its table understates that hereditary ATTR can present late.",10.7,29,Guardrail / differential,5,5,5,4,0.2,Guardrail / differential: retained because it changes subtype interpretation but intentionally receives a low ATTRwt-positive ranking.
WT29,Chronic inflammatory/autoinflammatory disease or chronic infection + persistent inflammatory burden + heavy proteinuria,Inflammatory / renal,Medical history + routine labs,Counter-evidence / AA differential,Yes,4.5,1,Points toward AA,High,AA guideline + causes systematic review,After sustained inflammatory disease,RA/IBD/FMF/autoinflammatory/chronic infection patient with emerging renal phenotype,AA literature centers suspicion on a credible inflammatory driver followed by proteinuria/renal dysfunction.,Prevents a nonspecific 'systemic amyloidosis' phenotype from defaulting to ATTRwt.,Older patients may have both degenerative cardiac disease and inflammatory illness; renal cause may remain unresolved.,Persistent inflammatory disease + CRP/SAA burden + proteinuria/nephrotic syndrome,No single inflammation duration threshold; use chronicity/activity plus renal transition.,High,Problem list; labs; rheumatology/infectious disease,FMF; RA; Crohn; TB; bronchiectasis; CRP/SAA; proteinuria,ATTRwt down-weight / AA guardrail.,https://pubmed.ncbi.nlm.nih.gov/36759076/,https://pubmed.ncbi.nlm.nih.gov/31766892/,AGREE: cross-subtype guardrails are essential; AA should be considered when the phenotype is inflammation?renal rather than orthopedic?cardiac.,10.7,29,Guardrail / differential,5,5,5,4,0.2,Guardrail / differential: retained because it changes subtype interpretation but intentionally receives a low ATTRwt-positive ranking.
