Sign ID,Sign / phenotype feature,Domain,Data type / source,Phenotype role,Pre-test usability,Amyloidosis suspicion importance (1-5),ATTRv subtype distinguisher importance (1-5),Direction for ATTRv,Evidence confidence,Evidence class,Typical timing vs diagnosis,Population / context,Quantitative / comparative evidence,Why it matters for suspicion,Key overlap / mimic / guardrail,Combination that strengthens interpretation,Threshold / criterion status,EHR detectability,Likely EHR location,Example structured fields / NLP terms,Recommended use in phenotype model,Primary source,Supporting source,NotebookLM assessment / correction,Composite pre-test priority score (0-100),Rank,Priority tier,Evidence confidence points (1-5),Pre-test usability points (1-5),EHR detectability points (1-5),Phenotype role / actionability points (1-5),ATTRv direction multiplier,Ranking interpretation,
V02,Progressive length-dependent axonal sensorimotor polyneuropathy,Neurologic,Diagnosis / exam / EMG-NCS history,Core neurologic phenotype,Yes,5,5,Strongly supports ATTRv,High,Expert consensus + cohorts,Often the first recognized manifestation,"Unexplained progressive neuropathy, especially without a clear acquired cause",Consensus recommends considering ATTRv in progressive length-dependent axonal neuropathy with systemic red flags; THAOS found sensory neuropathy a common first manifestation.,This is the core neurologic entry phenotype for ATTRv.,"Diabetes, alcohol, nutritional deficiency, toxic neuropathy, AL, CIDP and idiopathic axonal neuropathy can mimic.",Progressive axonal PN + autonomic/GI/cardiac/family/ocular red flag,No single NCS threshold is diagnostic; progression and phenotype matter.,High,Neurology notes; diagnosis table; EMG/NCS reports,axonal polyneuropathy; sensorimotor neuropathy; length-dependent neuropathy,Core high-weight feature; use with red-flag enrichment rather than alone.,https://pubmed.ncbi.nlm.nih.gov/31907599/,https://pubmed.ncbi.nlm.nih.gov/35730447/,AGREE: retain as the core ATTRv neurologic phenotype.,100,1,Tier 1 - highest,5,5,5,5,1,"ATTRv-supportive feature ranked using suspicion strength, subtype discrimination, evidence quality, pre-test usability, EHR detectability, and actionability.",
V03,Idiopathic axonal polyneuropathy plus ?2 ATTRv systemic red flags,Neurologic / multisystem,Derived longitudinal phenotype,High-priority screening cluster,Yes,5,5,Strongly supports ATTRv,High,Prospective genetic screening + consensus,Before genetic confirmation,Patients otherwise labeled idiopathic neuropathy,Western Sicily screening of 145 idiopathic sensory-motor PN patients with ?2 red flags identified pathogenic TTR variants in 14 (about 10%).,This is one of the closest published analogues to an EHR screening rule.,Yield is referral- and geography-dependent; the 10% figure is not a universal prevalence estimate.,"PN + ?2 of family history, bilateral/recurrent CTS, dysautonomia, GI disease, cardiac disease, ocular signs or renal abnormalities","Use the published ?2-red-flag structure as a research heuristic, not a universal diagnostic cutoff.",High,"Derived from diagnoses, family history, notes, cardiology/GI/ophthalmology data",idiopathic axonal neuropathy; red flags; multisystem,Core review-priority phenotype.,https://pubmed.ncbi.nlm.nih.gov/37725003/,https://pubmed.ncbi.nlm.nih.gov/26663427/,AGREE/UPWEIGHT: this combination is more useful than isolated red flags.,100,1,Tier 1 - highest,5,5,5,5,1,"ATTRv-supportive feature ranked using suspicion strength, subtype discrimination, evidence quality, pre-test usability, EHR detectability, and actionability.",
V04,Painful small-fiber neuropathy / burning feet with early pain-temperature loss,Neurologic,Symptoms / exam / small-fiber testing,Core neurologic phenotype,Yes,5,5,Strongly supports ATTRv,High,Consensus + review,"Often early, before major weakness","Neuropathy-dominant ATTRv, especially early-onset phenotypes",Reviews and consensus emphasize early small-fiber involvement with burning pain and pain/temperature loss.,This phenotype is more ATTRv-oriented than the predominantly cardiac ATTRwt presentation.,Diabetic and idiopathic small-fiber neuropathy are common mimics; AL can also cause painful/autonomic neuropathy.,Painful small-fiber PN + dysautonomia/GI symptoms/family history,Routine NCS can be normal early; do not require large-fiber abnormalities.,High,Neurology notes; symptom NLP; skin/small-fiber testing if done,burning feet; small fiber neuropathy; pain-temperature loss,"Strong positive neurologic feature, especially with multisystem enrichment.",https://pubmed.ncbi.nlm.nih.gov/31907599/,https://pubmed.ncbi.nlm.nih.gov/37869146/,AGREE: retain and make explicit that early small-fiber disease may precede abnormal routine NCS.,100,1,Tier 1 - highest,5,5,5,5,1,"ATTRv-supportive feature ranked using suspicion strength, subtype discrimination, evidence quality, pre-test usability, EHR detectability, and actionability.",
V06,Mixed neurologic + cardiac phenotype,Multisystem,Derived longitudinal phenotype,Composite discriminator / cluster,Yes,5,5,Strongly supports ATTRv,High,Registry + genotype-phenotype review,May evolve over years,Adult with both progressive neuropathy and otherwise unexplained cardiomyopathy/arrhythmia,"ATTRv phenotypes may be neurologic, cardiac or mixed; non-p.Val50Met carriers frequently have cardiac manifestations among first symptoms.",The mixed phenotype is substantially more hereditary-ATTR oriented than an isolated late-life cardiac phenotype.,AL is also multisystem; renal/plasma-cell clues should redirect toward AL.,Progressive PN/dysautonomia + LVH/HFpEF/arrhythmia ± family history,No universal combination score is validated.,High,Derived from neurology + cardiology data,neuropathy + cardiomyopathy; mixed phenotype,Core subtype-discrimination construct.,https://pubmed.ncbi.nlm.nih.gov/38844302/,https://pubmed.ncbi.nlm.nih.gov/35730447/,AGREE: retain as a top-tier cluster.,100,1,Tier 1 - highest,5,5,5,5,1,"ATTRv-supportive feature ranked using suspicion strength, subtype discrimination, evidence quality, pre-test usability, EHR detectability, and actionability.",
V05,Early autonomic dysfunction / dysautonomia,Autonomic neurologic,Symptoms / diagnosis / autonomic history,Early autonomic red flag,Yes,5,5,Strongly supports ATTRv,High,Systematic review + consensus,Can be first manifestation,Neuropathy-dominant ATTRv; often prominent in classic p.Val50Met phenotypes,Systematic review identifies autonomic involvement as a hallmark; THAOS found autonomic neuropathy as a first manifestation in a substantial subset of p.Val50Met converters.,Early multisystem autonomic dysfunction strongly shifts an unexplained neuropathy toward ATTRv.,"AL, diabetes, Parkinsonian disorders and medications can also cause dysautonomia.",Dysautonomia + progressive neuropathy + GI/weight loss/family or cardiac clues,No universal autonomic score threshold for general screening.,High,Neurology; cardiology; GI/urology notes,dysautonomia; autonomic neuropathy; sweating abnormality,Core positive feature; subtype value rises when autonomic involvement is early and multi-domain.,https://pubmed.ncbi.nlm.nih.gov/31473866/,https://pubmed.ncbi.nlm.nih.gov/31907599/,AGREE: retain as a major ATTRv discriminator.,99,5,Tier 1 - highest,5,5,5,4.5,1,"ATTRv-supportive feature ranked using suspicion strength, subtype discrimination, evidence quality, pre-test usability, EHR detectability, and actionability.",
V14,Prior CIDP diagnosis with poor/absent IVIG or immunotherapy response,Neurologic,Diagnosis + treatment history,Misdiagnosis red flag,Yes,4,5,Strongly supports ATTRv,High,Misdiagnosis cohort + genetic screening,Before correct diagnosis,Progressive neuropathy labeled CIDP,CIDP is a recurrent ATTRv misdiagnosis; treatment non-response is a recognized reason to reconsider the diagnosis.,Treatment-response history can expose a mismatch between the label and disease course.,True refractory CIDP exists; a 2025 red-flag screening study showed red flags alone have limited specificity.,CIDP label + distal axonal/progressive course + autonomic/GI/cardiac/CTS clues,No number-of-IVIG-cycles threshold is validated.,High,Neurology notes; infusion/medication history,CIDP; IVIG; refractory; no response; steroid nonresponse,"High-priority review trigger, not proof of ATTRv.",https://pubmed.ncbi.nlm.nih.gov/28188196/,https://pubmed.ncbi.nlm.nih.gov/40670759/,AGREE: retain with specificity guardrail.,93,6,Tier 1 - highest,5,5,5,4.5,1,"ATTRv-supportive feature ranked using suspicion strength, subtype discrimination, evidence quality, pre-test usability, EHR detectability, and actionability.",
V15,Vitreous opacities / amyloid vitreopathy / unexplained recurrent dark floaters confirmed by ophthalmology,Ocular,Ophthalmology exam / symptoms,Strong subtype clue,Yes,4,5,Strongly supports ATTRv,High,Systematic review + GeneReviews,Variable; may precede other systemic recognition in ocular-prone variants,Hereditary TTR disease,Ocular systematic review confirms vitreous opacities as a recurrent hereditary ATTR manifestation.,Ocular TTR production makes true vitreous amyloid particularly ATTRv-oriented.,Common benign floaters are not equivalent; ophthalmologist documentation matters.,Vitreous opacities + neuropathy/family history/scalloped pupil,No universal prevalence or symptom-only diagnostic criterion across variants.,Moderate,Ophthalmology notes; procedure history,vitreous opacities; vitreopathy; dark floaters,High subtype discriminator when objectively documented.,https://pubmed.ncbi.nlm.nih.gov/42078187/,https://pubmed.ncbi.nlm.nih.gov/20301373/,AGREE: retain as a strong hereditary discriminator.,91.5,7,Tier 1 - highest,5,5,3.5,4.5,1,"ATTRv-supportive feature ranked using suspicion strength, subtype discrimination, evidence quality, pre-test usability, EHR detectability, and actionability.",
V07,First-degree family history of genetically or clinically established ATTR amyloidosis,Genetic / family,Family history,Background risk,Yes,4,5,Strongly supports ATTRv,High,Consensus + GeneReviews,Can precede symptoms by decades,Adults from affected families,"Family history is a major red flag, but absence of a known family history does not preclude ATTRv.",A documented affected first-degree relative materially changes prior probability.,"Small families, nonpenetrance, adoption and misdiagnosis can hide family history.",Family history + any compatible neuropathy/autonomic/cardiac/ocular sign,No family-history requirement; absence must not be used as a negative gate.,Moderate,Family-history field; genetics and neurology notes,family amyloidosis; TTR; familial neuropathy/cardiomyopathy,Strong background feature; never require it.,https://pubmed.ncbi.nlm.nih.gov/20301373/,https://pubmed.ncbi.nlm.nih.gov/31907599/,AGREE WITH GUARDRAIL: family history is powerful when present but cannot be required.,90.5,8,Tier 1 - highest,5,5,3.5,4,1,"ATTRv-supportive feature ranked using suspicion strength, subtype discrimination, evidence quality, pre-test usability, EHR detectability, and actionability.",
V08,Family history of unexplained adult-onset progressive neuropathy,Genetic / family,Family history,Background risk,Yes,4,5,Strongly supports ATTRv,High,Genotyped ML cohort + consensus,Before or at symptom onset,Patients with otherwise unexplained neuropathy,Family history of neuropathy was among the informative variables in a 2026 genetically tested ML cohort.,Useful when relatives were never formally diagnosed with amyloidosis.,Diabetes and other inherited neuropathies can cluster in families.,Family neuropathy + progressive painful/axonal PN + dysautonomia/CTS/cardiac signs,No universal pedigree threshold.,Moderate,Family-history section; neurology notes,family history neuropathy; walking disability; unexplained neuropathy,Strong context feature.,https://pubmed.ncbi.nlm.nih.gov/42584723/,https://pubmed.ncbi.nlm.nih.gov/31907599/,AGREE: retain as a distinct family-history signal.,90.5,8,Tier 1 - highest,5,5,3.5,4,1,"ATTRv-supportive feature ranked using suspicion strength, subtype discrimination, evidence quality, pre-test usability, EHR detectability, and actionability.",
V01,Known pathogenic/likely pathogenic TTR variant from prior cascade or family testing,Genetic / family,Prior genetic history,Background risk,Only if already known,4,5,Strongly supports ATTRv,High,Consensus + GeneReviews + carrier cohorts,Can precede symptoms by years to decades,Known TTR variant carrier,Carrier cohorts show conversion timing and first manifestations vary by variant; a TTR variant alone does not prove active amyloid disease.,"This is the strongest subtype-specific prior state, but the screening task is to detect conversion to symptomatic ATTRv—not merely carrier status.",Incomplete penetrance; asymptomatic carriers may remain disease-free for years.,"Known carrier + any new compatible neurologic, autonomic, cardiac, renal or ocular change",No universal age or biomarker threshold; monitor relative to variant/family predicted age of onset.,Moderate,Genetics notes; family-history section; problem list,pathogenic TTR variant; TTR carrier; familial amyloidosis,Very strong prior-risk feature; require new objective/clinical evidence before labeling active ATTRv.,https://pubmed.ncbi.nlm.nih.gov/20301373/,https://pubmed.ncbi.nlm.nih.gov/35730447/,"ADDED/EMPHASIZED: NotebookLM correctly stresses genetics, but TTR mutation alone is not active disease.",88.5,10,Tier 1 - highest,5,4,3.5,4,1,"ATTRv-supportive feature ranked using suspicion strength, subtype discrimination, evidence quality, pre-test usability, EHR detectability, and actionability.",
V09,Orthostatic hypotension / recurrent orthostatic intolerance,Autonomic / cardiovascular,Orthostatic vitals / diagnosis,Early autonomic red flag,Yes,4,4,Supports ATTRv strongly,High,Consensus + comparative ATTR cohorts,Can occur early,Unexplained neuropathy or mixed phenotype,Orthostatic hypotension is a principal ATTRv red flag and has been associated with hereditary rather than wild-type ATTR in comparative cohorts.,Easy-to-capture routine evidence of autonomic involvement.,"Diuretics, dehydration, antihypertensives and diabetic autonomic neuropathy can mimic.",Orthostasis + painful/axonal PN + GI/urinary/sexual autonomic features,Use standard clinical orthostatic definitions; medication context is essential.,High,Vitals; problem list; cardiology/neurology notes,orthostatic hypotension; postural BP drop; dizziness on standing,Strong supporting feature within an autonomic cluster.,https://pubmed.ncbi.nlm.nih.gov/31907599/,https://pubmed.ncbi.nlm.nih.gov/31473866/,AGREE: retain.,87,11,Tier 1 - highest,5,5,5,4.5,1,"ATTRv-supportive feature ranked using suspicion strength, subtype discrimination, evidence quality, pre-test usability, EHR detectability, and actionability.",
V10,"Alternating diarrhea/constipation, chronic diarrhea, or otherwise unexplained GI dysmotility",Gastrointestinal / autonomic,Symptoms / diagnosis,Early autonomic red flag,Yes,4,4,Supports ATTRv strongly,High,Consensus + reviews,Can be early,Neuropathy or multisystem phenotype,Alternating diarrhea/constipation and dysmotility are classic ATTRv red flags and are more frequent in ATTRv than cardiac-dominant ATTRwt cohorts.,Provides a second autonomic domain and can precede recognition of neuropathy.,"IBS, IBD, celiac disease, medications and AL can mimic; NotebookLM's 'absence of abdominal pain' is not a validated universal rule.",GI dysmotility + progressive PN + weight loss/orthostasis,No symptom-frequency or 'no abdominal pain' criterion is validated.,High,GI notes; problem list,alternating diarrhea constipation; chronic diarrhea; dysmotility,Strong multisystem feature; focus on chronicity and unexplained pattern.,https://pubmed.ncbi.nlm.nih.gov/26663427/,https://pubmed.ncbi.nlm.nih.gov/20301373/,"AGREE WITH CORRECTION: keep IBS/chronic-diarrhea mimicry, reject absence of abdominal pain as a hard rule.",87,11,Tier 1 - highest,5,5,5,4.5,1,"ATTRv-supportive feature ranked using suspicion strength, subtype discrimination, evidence quality, pre-test usability, EHR detectability, and actionability.",
V11,Gastroparesis / delayed gastric emptying / early satiety / recurrent nausea-vomiting,Gastrointestinal / autonomic,Symptoms / routine GI testing,Early autonomic red flag,Yes,4,4,Supports ATTRv strongly,High,GeneReviews + expert recommendations,Can be early,Neuropathy/autonomic phenotype,Delayed gastric emptying and upper-GI dysmotility are recognized autonomic manifestations.,Adds coherence to a multisystem autonomic phenotype.,"Diabetes, medications, functional GI disorders and AL are important mimics.",Gastroparesis/early satiety + neuropathy + orthostasis/weight loss,No amyloid-specific gastric-emptying threshold.,High,GI notes; gastric emptying report,gastroparesis; delayed gastric emptying; early satiety,Strong supporting feature in autonomic cluster.,https://pubmed.ncbi.nlm.nih.gov/20301373/,https://pubmed.ncbi.nlm.nih.gov/38174864/,AGREE: retain.,87,11,Tier 1 - highest,5,5,5,4.5,1,"ATTRv-supportive feature ranked using suspicion strength, subtype discrimination, evidence quality, pre-test usability, EHR detectability, and actionability.",
V16,Scalloped pupil / characteristic pupillary or iris abnormality,Ocular,Ophthalmology exam,Strong subtype clue,Yes,3,5,Strongly supports ATTRv,High,Systematic review + GeneReviews,Usually during ocular involvement,Ocular-prone ATTRv variants,Scalloped pupil is an unusual hereditary TTR ocular sign reported across ATTRv ocular series.,Rare but comparatively subtype-oriented.,Low sensitivity and examiner dependence; other pupillary disorders exist.,Scalloped pupil + vitreous disease + neuropathy/family history,No universal threshold; specialist documentation required.,Moderate,Ophthalmology notes,scalloped pupil; irregular pupil; amyloid iris,"High discriminator, low sensitivity.",https://pubmed.ncbi.nlm.nih.gov/42078187/,https://pubmed.ncbi.nlm.nih.gov/20301373/,AGREE: retain.,85.5,14,Tier 1 - highest,5,5,3.5,4.5,1,"ATTRv-supportive feature ranked using suspicion strength, subtype discrimination, evidence quality, pre-test usability, EHR detectability, and actionability.",
V12,Unintentional weight loss / declining BMI or mBMI,Systemic / GI,Longitudinal weights + symptom history,Supporting systemic clue,Yes,4,4,Supports ATTRv strongly,High,Consensus + review,Can precede or accompany neuropathy,Neuropathy/autonomic phenotype,Weight loss is repeatedly included among ATTRv red-flag clusters and often accompanies GI/autonomic involvement.,Longitudinal weight decline can be a useful objective EHR feature.,"AL, cancer, infection and many GI disorders also cause weight loss.",Weight loss + GI dysmotility + neuropathy/autonomic signs,No universal percentage-loss or mBMI cutoff for screening.,High,Weights; nutrition notes; problem list,unintentional weight loss; BMI decline; cachexia,Moderate-strong feature in a multisystem cluster.,https://pubmed.ncbi.nlm.nih.gov/26663427/,https://pubmed.ncbi.nlm.nih.gov/37869146/,AGREE: retain; avoid disease-specific cutoff claims.,85,15,Tier 1 - highest,5,5,5,3.5,1,"ATTRv-supportive feature ranked using suspicion strength, subtype discrimination, evidence quality, pre-test usability, EHR detectability, and actionability.",
V17,Persistent microalbuminuria in a known TTR carrier,Renal / carrier surveillance,Routine urine lab,Carrier conversion clue,Only if already known,4,4,Supports ATTRv strongly,Moderate-High,Prospective carrier cohort,May precede overt neuropathy/nephropathy,Known p.Val50Met/TTR carriers,"In a p.Val50Met cohort, persistent microalbuminuria occurred in 36% of asymptomatic carriers and was associated with a 4.8-fold risk of developing neuropathy, usually within 3 years.",This is legitimate early evidence in a defined carrier population.,"Evidence is old and genotype-specific; diabetes/HTN also cause albuminuria, so it is not a general-population ATTRv rule.",Known carrier + persistent microalbuminuria + subtle neurologic/autonomic change,Do not generalize the p.Val50Met cohort cadence/cutoffs to all variants.,High,Urine laboratory,UACR; microalbumin; albuminuria,Useful carrier-surveillance feature; lower weight in unselected patients.,https://pubmed.ncbi.nlm.nih.gov/12584275/,https://pubmed.ncbi.nlm.nih.gov/20301373/,"AGREE WITH RESTRICTION: strong for carrier surveillance, not a universal ATTRv renal screening rule.",83.5,16,Tier 2 - high,4.5,4,5,4.5,1,"ATTRv-supportive feature ranked using suspicion strength, subtype discrimination, evidence quality, pre-test usability, EHR detectability, and actionability.",
V13,"Bilateral or recurrent carpal tunnel syndrome, especially persistent/recurrent symptoms after release",Musculoskeletal / neurologic,Diagnosis + surgical history,Extracardiac red flag,Yes,4,4,Supports ATTRv,High,Guideline + variant cohort + cross-type cohort,Can precede length-dependent neuropathy by years,ATTRv neuropathy or mixed phenotype,"TTR-FAP guidelines note lack of improvement/progression after CTS release can precede correct diagnosis; in A97S, 43.3% had CTS before length-dependent symptoms.",Recurrent/persistent median-nerve symptoms are more informative than an isolated common CTS code.,CTS is strongly associated with ATTRwt and common in the general population; it does not distinguish ATTRv from ATTRwt by itself.,Recurrent/bilateral CTS + neuropathy/autonomic/family/ocular clues,No validated recurrence count or surgery interval threshold.,High,Problem list; hand-surgery history,bilateral CTS; recurrent CTS; carpal tunnel release; persistent numbness after release,"Moderate ATTRv positive feature; high ATTR-general value, subtype interpretation depends on neurologic/family context.",https://pubmed.ncbi.nlm.nih.gov/35153720/,https://pubmed.ncbi.nlm.nih.gov/31975495/,"AGREE AND UPGRADE RECURRENCE: keep, but explicitly state it is ATTR-general and not ATTRv-specific.",81.7,17,Tier 2 - high,5,5,5,4,0.95,"ATTRv-supportive feature ranked using suspicion strength, subtype discrimination, evidence quality, pre-test usability, EHR detectability, and actionability.",
V24,Cardiomyopathy / HFpEF / unexplained increased LV wall thickness,Cardiac,Diagnosis + routine echocardiogram,Cardiac component,Yes,5,3,Supports ATTRv,High,GeneReviews + registry/consensus,May be first or later manifestation,Cardiac-dominant or mixed TTR variants,Non-p.Val50Met carriers can present first with cardiac disease; ATTRv may be cardiac-predominant and late-onset.,Prevents a neuropathy-only screening model from missing hereditary cardiac variants.,ATTRwt and AL strongly overlap; cardiac phenotype alone cannot assign ATTRv.,Cardiac phenotype + family history/neuropathy/dysautonomia/ocular sign,"Routine echo red flags are amyloidosis clues, not ATTRv-specific thresholds.",High,Cardiology problem list; echo report,HFpEF; LVH; increased wall thickness; cardiomyopathy,"High amyloidosis importance, moderate ATTRv subtype weight.",https://pubmed.ncbi.nlm.nih.gov/20301373/,https://pubmed.ncbi.nlm.nih.gov/35730447/,AGREE: retain; phenotype must remain mutation-aware.,81.7,17,Tier 2 - high,5,5,5,4,0.95,"ATTRv-supportive feature ranked using suspicion strength, subtype discrimination, evidence quality, pre-test usability, EHR detectability, and actionability.",
V18,Rising serum/plasma neurofilament light chain (NfL) in a known carrier or unexplained neuropathy work-up,Neurologic biomarker,Specialized blood biomarker,Specialized early marker,Only if already known,4,4,Supports ATTRv strongly,High,Longitudinal carrier biomarker cohorts,May rise before clinically confirmed neuropathy,Known carriers / specialist neuropathy programs,Longitudinal studies show NfL rises around phenoconversion; one cohort observed increases before symptoms and before neurophysiologic confirmation.,NfL is one of the strongest emerging objective early markers of axonal injury in ATTRv.,NfL is nonspecific for ATTRv and assay/cutoffs vary; it is not a routine population screening lab.,Known carrier + rising NfL + subtle sensory/autonomic findings,Do not encode a universal pg/mL cutoff; published thresholds differ by cohort/assay. Trend may be more transportable.,Low,Specialty laboratory; neurology notes,neurofilament light chain; NfL; sNfL,Specialized carrier/neuropathy-monitoring feature; not a general EHR prerequisite.,https://pubmed.ncbi.nlm.nih.gov/38477065/,https://pubmed.ncbi.nlm.nih.gov/38348665/,"AGREE WITH CORRECTION: include, but as specialized carrier/neuropathy monitoring and avoid universal thresholds.",81,19,Tier 2 - high,5,4,2,4,1,"ATTRv-supportive feature ranked using suspicion strength, subtype discrimination, evidence quality, pre-test usability, EHR detectability, and actionability.",
V19,Reduced electrochemical skin conductance on SUDOSCAN,Autonomic / small-fiber,Specialized physiologic test,Specialized early marker,Only if already known,4,4,Supports ATTRv strongly,Moderate-High,Carrier/patient diagnostic cohort,Can detect early sudomotor dysfunction,Known carriers or suspected ATTRv-PN,"In p.Val50Met cohorts, foot ESC discriminated symptomatic ATTRv from asymptomatic carriers with high sensitivity/specificity; performance varies by phenotype.","Objective, non-invasive measure of sudomotor small-fiber dysfunction.",Abnormal ESC is not specific to ATTRv and cutoffs vary by device/cohort; ATTRwt and diabetes can also affect sudomotor function.,Reduced ESC + neuropathy/autonomic symptoms + carrier/family context,Do not hard-code a universal µS cutoff; published thresholds vary.,Moderate,Neurology/autonomic test reports,SUDOSCAN; electrochemical skin conductance; ESC,Specialized early-marker row; useful when already performed.,https://pubmed.ncbi.nlm.nih.gov/38261153/,https://pubmed.ncbi.nlm.nih.gov/31473866/,"AGREE: include, but lower than routine clinical red flags because it is specialized and not subtype-specific by itself.",81,19,Tier 2 - high,4.5,4,3.5,4,1,"ATTRv-supportive feature ranked using suspicion strength, subtype discrimination, evidence quality, pre-test usability, EHR detectability, and actionability.",
V21,MR neurography abnormalities of peripheral nerves / lumbosacral plexus,Neurologic imaging,MR neurography / DTI,Specialized early marker,Yes if obtained for routine care,4,4,Supports ATTRv,Moderate-High,Prospective imaging cohorts,Can reveal subclinical or early nerve injury,Known carriers or unexplained neuropathy,MR neurography studies differentiate ATTRv-PN from asymptomatic carriers/controls and detect proximal nerve or plexus abnormalities.,Provides objective evidence of amyloid-associated nerve injury beyond routine NCS.,Specialized availability; abnormalities are not pathognomonic and studies are relatively small.,MRN abnormality + progressive neuropathy/family or autonomic context,No universal MRN threshold across sequences/centers.,Low,Radiology / neuroradiology report,MR neurography; plexus enlargement; sciatic nerve T2; DTI,Specialized supportive feature if already performed for neuropathy.,https://pubmed.ncbi.nlm.nih.gov/35438324/,https://pubmed.ncbi.nlm.nih.gov/37329346/,"AGREE: include, but do not claim it routinely precedes NCS in all patients.",77.4,21,Tier 2 - high,4.5,5,2,4,0.95,"ATTRv-supportive feature ranked using suspicion strength, subtype discrimination, evidence quality, pre-test usability, EHR detectability, and actionability.",
V25,"Conduction disease, arrhythmia, or pacemaker in a compatible hereditary phenotype",Cardiac electrical,ECG / diagnosis / procedure history,Cardiac component,Yes,4,3,Supports ATTRv,High,Consensus + GeneReviews,Can accompany or precede other manifestations,Mixed/cardiac ATTRv,Cardiac conduction blocks and arrhythmias are recognized ATTRv manifestations.,Adds a cardiac domain to a neuropathy/family phenotype.,Age-related AF/block and ATTRwt overlap strongly.,Conduction disease + progressive PN/dysautonomia/family history,No subtype-specific ECG threshold.,High,ECG; pacemaker/device history,AV block; bundle branch block; atrial fibrillation; pacemaker,"Moderate supporting feature, strongest in multisystem context.",https://pubmed.ncbi.nlm.nih.gov/20301373/,https://pubmed.ncbi.nlm.nih.gov/31907599/,AGREE: retain.,76,22,Tier 2 - high,5,5,5,4,0.95,"ATTRv-supportive feature ranked using suspicion strength, subtype discrimination, evidence quality, pre-test usability, EHR detectability, and actionability.",
V26,Erectile dysfunction accompanying other autonomic/neurologic symptoms,Autonomic / urogenital,History / diagnosis,Supporting systemic clue,Yes,3,4,Supports ATTRv,Moderate-High,Consensus + review,Can precede sensory neuropathy in some men,Men with unexplained dysautonomia,ATTRv reviews recognize erectile dysfunction as an autonomic manifestation and possible early feature.,Adds a second autonomic domain.,"Very common from vascular, endocrine, medication and psychogenic causes.",ED + orthostasis/GI dysmotility + PN,No screening cutoff; use only in cluster.,Moderate,Problem list; urology notes,erectile dysfunction; impotence,"Supporting feature, never standalone.",https://pubmed.ncbi.nlm.nih.gov/26663427/,https://pubmed.ncbi.nlm.nih.gov/31473866/,AGREE: retain as a cluster feature.,72.2,23,Tier 2 - high,4.5,5,3.5,3.5,0.95,"ATTRv-supportive feature ranked using suspicion strength, subtype discrimination, evidence quality, pre-test usability, EHR detectability, and actionability.",
V28,"Bulbar symptoms: unexplained dysphagia, hoarseness, dysarthria or choking",Bulbar / cranial neurologic,Symptoms / ENT / swallowing evaluation,Variant-specific clue,Yes,3,4,Supports ATTRv,Moderate-High,Expert recommendations + genotype-specific cohort,Can be early in selected variants,Especially p.A117S/A97S and other bulbar-prone phenotypes,"In a p.A117S/A97S cohort, dysphagia occurred in 53.4% versus 2% in late-onset p.Val50Met and could appear early; expert recommendations list bulbar symptoms as less common manifestations.",Important because these symptoms may be misattributed to ENT or swallowing disorders.,"Strongly genotype-dependent; stroke, neurodegeneration, reflux and structural ENT disease are common alternatives.",Bulbar symptoms + neuropathy/CTS/cardiac/family context,Do not generalize the p.A117S frequency to all ATTRv variants.,Moderate,ENT; speech/swallow; neurology notes,dysphagia; hoarseness; dysarthria; choking,Moderate variant-specific signal.,https://pubmed.ncbi.nlm.nih.gov/35153720/,https://pubmed.ncbi.nlm.nih.gov/38174864/,"AGREE WITH QUALIFICATION: add, but label strongly variant-specific rather than a universal ATTRv red flag.",72.2,23,Tier 2 - high,4.5,5,3.5,3.5,0.95,"ATTRv-supportive feature ranked using suspicion strength, subtype discrimination, evidence quality, pre-test usability, EHR detectability, and actionability.",
V20,Abnormal cutaneous silent period (CSP) suggesting small-fiber dysfunction,Neurologic electrophysiology,Specialized electrophysiologic test,Specialized early marker,Only if already known,3,4,Supports ATTRv,Moderate,Small carrier study,Potentially presymptomatic/early,Known TTR carriers,A 2022 study specifically proposed CSP as a possible early marker of nerve damage in ATTRv carriers.,May detect thin-fiber dysfunction before routine large-fiber studies become abnormal.,Evidence base is small; CSP is not routine and is not ATTRv-specific.,Abnormal CSP + carrier status + subtle sensory/autonomic changes,No validated universal screening cutoff.,Low,Neurophysiology report,cutaneous silent period; CSP latency,Exploratory/specialized feature; lower priority than routine clinical signs.,https://pubmed.ncbi.nlm.nih.gov/35943637/,https://pubmed.ncbi.nlm.nih.gov/31907599/,"AGREE WITH DOWNGRADE: biologically plausible and published, but too specialized/small-study for a high tier.",67,25,Tier 3 - moderate,3.5,4,2,4,0.95,"ATTRv-supportive feature ranked using suspicion strength, subtype discrimination, evidence quality, pre-test usability, EHR detectability, and actionability.",
V22,Nerve ultrasound showing abnormal proximal nerve/plexus enlargement or ATTR-pattern abnormalities,Neurologic imaging,High-resolution nerve ultrasound,Specialized early marker,Only if already known,3,4,Supports ATTRv,Moderate,Carrier and patient imaging cohorts,Potentially presymptomatic/early,Known carriers or specialist neuropathy evaluation,Small studies show nerve-ultrasound differences between ATTRv-PN and carriers; a 2026 asymptomatic-carrier study suggests possible early detection in a specific variant cohort.,Non-invasive adjunct for early nerve involvement.,Evidence is small and variant/center-specific; pattern is not validated for population screening.,Ultrasound abnormality + carrier/family status + subtle PN,No universal cross-sectional-area threshold.,Low,Neurology ultrasound report,nerve ultrasound; cross-sectional area; brachial plexus,Exploratory/specialized supporting feature.,https://www.sciencedirect.com/science/article/pii/S1388245725012982,https://pubmed.ncbi.nlm.nih.gov/37869146/,"PARTLY AGREE: include as emerging evidence, not as a routine high-confidence EHR trigger.",67,25,Tier 3 - moderate,3.5,4,2,4,0.95,"ATTRv-supportive feature ranked using suspicion strength, subtype discrimination, evidence quality, pre-test usability, EHR detectability, and actionability.",
V37,"Mild/well-controlled diabetes that does not explain severe, rapidly progressive or ataxic neuropathy",Metabolic / neurologic,Diagnosis + HbA1c + neuropathy trajectory,Specificity guardrail,Yes,4,4,Supports ATTRv modestly,Moderate,Genotyped ML/screening literature,During neuropathy work-up,Diabetic patient with phenotype disproportionate to metabolic disease,"Genotyped studies identify metabolic disease as a common alternative explanation, but severe/progressive atypical neuropathy despite mild controlled diabetes should prevent diagnostic anchoring.",The useful signal is the mismatch between diabetes severity and neuropathy—not diabetes itself.,Diabetes remains the most common cause of neuropathy and should generally lower specificity.,Controlled/mild diabetes + rapid axonal progression + dysautonomia/GI/family/CTS,No HbA1c or diabetes-duration threshold is validated for ATTRv screening.,High,Problem list; HbA1c; neurology notes,diabetes; HbA1c; rapidly progressive neuropathy,"Use as an anti-anchoring composite, not a positive diabetes feature.",https://pubmed.ncbi.nlm.nih.gov/42584723/,https://pubmed.ncbi.nlm.nih.gov/31907599/,CORRECTED: NotebookLM's 'controlled diabetes = negative TTR predictor' is too deterministic; encode phenotype-disproportion instead.,65.2,27,Tier 3 - moderate,3.5,5,5,4,0.8,"ATTRv-supportive feature ranked using suspicion strength, subtype discrimination, evidence quality, pre-test usability, EHR detectability, and actionability.",
V23,Cardiac sympathetic denervation on 123I-MIBG scintigraphy,Cardiac autonomic imaging,Specialized nuclear imaging,Specialized early marker,Only if already known,4,3,Supports ATTRv modestly,Moderate,Small 2026 carrier/patient study,Potentially subclinical/early,Known carriers / specialist centers,"A 2026 cross-sectional study found abnormal MIBG measures in symptomatic patients and asymptomatic carriers, supporting early sympathetic denervation.",May reveal autonomic cardiac involvement before overt structural disease in selected carriers.,Small study; MIBG is not routine in many systems and is not ATTRv-specific.,Abnormal MIBG + carrier status + autonomic/neurologic signs,No universal screening threshold; do not claim superiority to bone scintigraphy as established clinical standard.,Low,Nuclear cardiology report,123I-MIBG; heart-to-mediastinum ratio; sympathetic denervation,Specialized carrier-monitoring signal only.,https://pubmed.ncbi.nlm.nih.gov/41773910/,https://pubmed.ncbi.nlm.nih.gov/31907599/,"AGREE WITH STRONG DOWNGRADE: promising early marker, but evidence is small and specialized.",56.4,28,Tier 3 - moderate,3.5,4,2,4,0.8,"ATTRv-supportive feature ranked using suspicion strength, subtype discrimination, evidence quality, pre-test usability, EHR detectability, and actionability.",
V29,Painless plantar ulcers / trophic foot changes / Charcot-type injury from sensory loss,Neurologic / skin,Physical exam / wound history,Supporting systemic clue,Yes,3,3,Supports ATTRv modestly,Moderate,Clinical guideline,Usually after small-fiber sensory loss; can precede recognition of large-fiber weakness,Neuropathy-dominant ATTRv,"TTR-FAP guidance describes painless trauma, plantar ulcers and foot osteoarthropathy due to loss of pain sensation.",May reveal clinically important small-fiber loss when 'neuropathy' has not yet been recognized.,Diabetes and vascular disease are major mimics and often more common causes.,Painless ulcers + pain-temperature loss + autonomic/GI/family clues,No ulcer number/location threshold is validated.,High,Wound care; podiatry; neurology notes,plantar ulcer; painless ulcer; Charcot joint; trophic change,Moderate cluster feature; down-weight strongly if diabetes/vascular explanation is adequate.,https://pmc.ncbi.nlm.nih.gov/articles/PMC3584981/,https://pubmed.ncbi.nlm.nih.gov/20301373/,"AGREE WITH GUARDRAIL: legitimate manifestation, but not subtype-specific enough to rank highly.",54.8,29,Tier 4 - low,3.5,5,5,3.5,0.8,"ATTRv-supportive feature ranked using suspicion strength, subtype discrimination, evidence quality, pre-test usability, EHR detectability, and actionability.",
V27,Urinary retention/incontinence / neurogenic bladder with neuropathy,Autonomic / urogenital,Symptoms / diagnosis,Supporting systemic clue,Yes,3,3,Supports ATTRv modestly,Moderate,GeneReviews + expert recommendations,Usually with autonomic disease,Neuropathy/dysautonomia phenotype,Bladder dysfunction is included among ATTRv autonomic manifestations.,Adds another autonomic system.,"BPH, pelvic disease, spinal disease, medications and diabetes are common mimics.",Bladder dysfunction + orthostasis/GI + progressive PN,No subtype-specific urodynamic threshold.,Moderate,Urology/neurology notes,urinary retention; neurogenic bladder; incontinence,Supporting cluster feature.,https://pubmed.ncbi.nlm.nih.gov/20301373/,https://pubmed.ncbi.nlm.nih.gov/38174864/,AGREE: retain.,53.6,30,Tier 4 - low,3.5,5,3.5,3.5,0.8,"ATTRv-supportive feature ranked using suspicion strength, subtype discrimination, evidence quality, pre-test usability, EHR detectability, and actionability.",
V31,Progressive intolerance to antihypertensives / need to down-titrate therapy with falling blood pressure,Cardiac / autonomic,Medication history + BP trend,ATTR/cardiac-amyloid clue,Yes,3,2,Weakly supports ATTRv,High,ACC cardiac amyloidosis consensus + ATTR review,Often with developing cardiac/autonomic involvement,Patients with prior hypertension and emerging CA/dysautonomia,Cardiac amyloidosis guidance recognizes intolerance to vasodilating antihypertensives and orthostatic hypotension as red flags.,A longitudinal medication/BP shift can be more informative than a single low BP.,"This is cardiac-amyloidosis/ATTR-general, not ATTRv-specific; AL can also cause intolerance.",Down-titration + neuropathy/autonomic/family history,No validated 'disappearing hypertension' magnitude or medication-count threshold.,High,Medication list; BP vitals; cardiology notes,antihypertensive discontinued; beta-blocker intolerance; ACEi intolerance; low BP,"Moderate amyloid red flag, low subtype discriminator.",https://pubmed.ncbi.nlm.nih.gov/36697326/,https://pmc.ncbi.nlm.nih.gov/articles/PMC9897687/,"AGREE WITH CORRECTION: keep the concept, but not as a hallmark unique to ATTRv.",40.2,31,Tier 4 - low,5,5,5,3.5,0.6,"ATTRv-supportive feature ranked using suspicion strength, subtype discrimination, evidence quality, pre-test usability, EHR detectability, and actionability.",
V30,Lumbar spinal stenosis / prior decompression with persistent lower-limb symptoms,Musculoskeletal / neurologic,Diagnosis + surgery + spine imaging,ATTR-general clue,Yes,3,2,Weakly supports ATTRv,Moderate-High,ATTRv review + ATTR musculoskeletal literature,Can precede neuropathy/cardiac diagnosis,Older or late-onset ATTRv patients,ATTRv reviews describe lumbar canal stenosis as a possible early presentation but explicitly note it does not discriminate genetic from non-genetic ATTR.,Useful to avoid dismissing persistent 'spine' symptoms that actually reflect neuropathy.,Degenerative stenosis is common and the long isolated orthopedic prodrome is more ATTRwt-oriented.,LSS + progressive neuropathy/dysautonomia/family history,No validated imaging or surgical threshold for ATTRv suspicion.,High,Problem list; spine MRI; surgery,lumbar stenosis; laminectomy; decompression; ligamentum flavum,Low ATTRv subtype weight; use only with neurologic/hereditary enrichment.,https://pmc.ncbi.nlm.nih.gov/articles/PMC10585157/,https://pubmed.ncbi.nlm.nih.gov/36644836/,"PARTLY AGREE: add, but NotebookLM overstates it as an ATTRv-specific orthopedic precursor.",39.3,32,Tier 5 - weak,4.5,5,5,3.5,0.6,"ATTRv-supportive feature ranked using suspicion strength, subtype discrimination, evidence quality, pre-test usability, EHR detectability, and actionability.",
V34,Severe GI weight loss that has been labeled anorexia/eating disorder without a convincing psychiatric explanation,Gastrointestinal / systemic,Diagnosis + notes + weight trend,Variant-specific clue,Yes,3,2,Weakly supports ATTRv,Moderate-Low,Variant-specific reports / phenotype review,Can precede diagnosis in selected variants,Younger or GI-predominant ATTRv phenotypes,Severe gastroparesis/early satiety and weight loss can mimic primary eating disorders in selected ATTRv phenotypes.,May be a useful 'misdiagnosis trajectory' clue when objective dysautonomia/neuropathy coexists.,Evidence is variant-specific and not adequate for a general ATTRv rule; true eating disorders and other GI disease are common.,Eating-disorder label + objective GI dysmotility + neuropathy/autonomic/family clue,No validated diagnostic pattern or weight-loss cutoff.,Moderate,Psychiatry/GI notes; weight trend,anorexia nervosa; cachexia; early satiety; gastroparesis,Low-weight variant-specific mimic row.,https://pubmed.ncbi.nlm.nih.gov/37869146/,https://pubmed.ncbi.nlm.nih.gov/38844302/,"PARTLY AGREE: keep only as a low-weight, variant-specific misdiagnosis pattern.",34.8,33,Tier 5 - weak,2.5,5,3.5,3.5,0.6,"ATTRv-supportive feature ranked using suspicion strength, subtype discrimination, evidence quality, pre-test usability, EHR detectability, and actionability.",
V35,Glaucoma or dry-eye syndrome without vitreous/pupillary or neurologic/family features,Ocular,Ophthalmology diagnosis,Supporting systemic clue,Yes,2,2,Weakly supports ATTRv,Moderate,Ocular systematic review,Usually later / variant-dependent,General ophthalmology population,"Glaucoma and dry eye occur in ATTRv ocular disease, but both are common in the general population.",Can support an ocular cluster but should not trigger ATTRv alone.,"Very low specificity without vitreous opacities, pupillary abnormalities or systemic clues.",Glaucoma/dry eye + vitreous/pupillary signs + PN/family history,No common-eye-disease threshold should be used.,High,Ophthalmology problem list,glaucoma; dry eye,Low-weight cluster feature only.,https://pubmed.ncbi.nlm.nih.gov/42078187/,https://pubmed.ncbi.nlm.nih.gov/20301373/,AGREE WITH DOWNGRADE: do not let common glaucoma/dry eye become ATTRv screening triggers.,33.9,34,Tier 5 - weak,3.5,5,5,3.5,0.6,"ATTRv-supportive feature ranked using suspicion strength, subtype discrimination, evidence quality, pre-test usability, EHR detectability, and actionability.",
V36,Declining serum prealbumin (circulating transthyretin),Laboratory / nutritional,Routine chemistry if measured,Unvalidated biomarker / do not use as trigger,Yes if obtained for routine care,2,2,Very weak ATTRv support,Moderate,Biomarker reviews / monitoring recommendations,Variable,ATTR patients/carriers; often treatment/prognosis context,"Low circulating TTR has biological and prognostic associations, but current reviews note it is not incorporated into diagnostic guidelines; expert guidance uses prealbumin mainly for treatment-response monitoring.",It may be interesting mechanistically but is not mature enough for a pre-test ATTRv phenotype.,"Malnutrition, inflammation and liver disease strongly affect prealbumin; low values are not ATTRv-specific.",Only interpret with much stronger hereditary/neurologic evidence,Do not use NotebookLM's normal-range/decline concept as a diagnostic threshold.,High,Chemistry lab,prealbumin; transthyretin; TTR level,Do not use as a positive screening trigger; retain as a research-only low-priority feature.,https://pmc.ncbi.nlm.nih.gov/articles/PMC11929585/,https://pubmed.ncbi.nlm.nih.gov/38174864/,DISAGREE AS A PRE-TEST TRIGGER: evidence supports prognostic/treatment-monitoring use more than diagnostic screening.,22.2,35,Guardrail / differential,3.5,5,5,3,0.4,Clinically important guardrail/counter-evidence; intentionally down-weighted as an ATTRv-positive signal.,
V38,Active autoimmune disease / positive autoantibodies with a convincing inflammatory/demyelinating neuropathy pattern,Neurologic / autoimmune,Diagnosis + serology + EMG/CSF history,Negative / alternative-cause guardrail,Yes,3,1,Alternative neuropathy more likely,Moderate,Genotyped ML cohort + differential-diagnosis literature,During neuropathy work-up,Patients with inflammatory neuropathy features,Autoimmune history may predict a non-TTR cause in some genotyped cohorts and is an important competing diagnosis.,"This is useful as a specificity guardrail, not proof against ATTRv.",ATTRv can be misdiagnosed as CIDP and nonspecific autoantibodies may coexist; never use autoimmunity as an exclusion.,"If inflammatory evidence is weak or immunotherapy fails, re-open ATTRv differential",No autoantibody panel or titer excludes ATTRv.,High,Problem list; serology; neurology notes,autoimmune disease; positive ANA; demyelinating neuropathy,Guardrail / uncertainty modifier.,https://pubmed.ncbi.nlm.nih.gov/42584723/,https://pubmed.ncbi.nlm.nih.gov/28188196/,"PARTLY AGREE: use as an alternative-cause guardrail, never a hard negative predictor.",13.9,36,Guardrail / differential,3.5,5,5,3,0.25,Clinically important guardrail/counter-evidence; intentionally down-weighted as an ATTRv-positive signal.,
V32,"Low-flow, low-gradient aortic stenosis",Cardiac imaging,Echocardiogram / valve diagnosis,Subtype guardrail,Yes,4,1,Points toward ATTRwt,High,Cross-type cardiac amyloidosis cohort + guidelines,Usually at cardiac presentation,Older AS patients,"In a large CA cohort, any AS was substantially more common in ATTRwt (26%) than ATTRv (8%); low-flow/low-gradient physiology is an ATTR-CM red flag but especially ATTRwt-enriched.","Important as a cardiac-amyloid trigger, but it should not be promoted as an ATTRv-specific sign.",Severe AS itself causes LVH/low flow; ATTRwt is the stronger TTR subtype association.,"AS + neuropathy/family history can keep ATTRv in differential, but isolated AS favors ATTRwt",Use standard AS definitions; no ATTRv-specific threshold.,High,Echo report; cardiology,low-flow low-gradient AS; paradoxical LFLG AS,Guardrail: raises cardiac amyloid suspicion but down-weights ATTRv subtype assignment.,https://pmc.ncbi.nlm.nih.gov/articles/PMC11255711/,https://pubmed.ncbi.nlm.nih.gov/36697326/,CORRECTED: NotebookLM over-attributes this to ATTRv; evidence is much stronger for ATTRwt.,13.6,37,Guardrail / differential,5,5,5,4,0.2,Clinically important guardrail/counter-evidence; intentionally down-weighted as an ATTRv-positive signal.,
V41,Older patient with isolated cardiac ATTR-like phenotype and long orthopedic prodrome but little/no neuropathy or dysautonomia,Cardiac / musculoskeletal,Derived longitudinal phenotype,Subtype guardrail,Yes,4,1,Points toward ATTRwt,High,Comparative hereditary-vs-wild-type ATTR cohorts,Before subtype confirmation,Older adults with cardiac-dominant disease,"Older age does not exclude ATTRv, but a long isolated CTS/spinal/tendon prodrome followed by cardiac disease without neurologic/autonomic features is much more characteristic of ATTRwt.",This is the main ATTRwt-vs-ATTRv clinical guardrail.,"Pathogenic TTR variants remain present in a meaningful fraction of elderly ATTR-CM patients, so genetic testing is still necessary.",Orthopedic years earlier + isolated HF/LVH/AF/conduction disease ? favor ATTRwt but keep ATTRv until genotyped,Do not use age alone as a wild-type classifier.,High,Derived from procedures + cardiology + neurology absence/notes,orthopedic prodrome; isolated cardiac disease; no neuropathy,Guardrail / comparative down-weight only.,https://pubmed.ncbi.nlm.nih.gov/36644836/,https://pubmed.ncbi.nlm.nih.gov/31975495/,AGREE WITH THE DIFFERENTIAL CONCEPT: ATTRv should not absorb the classic ATTRwt orthopedic-to-cardiac phenotype.,13.6,37,Guardrail / differential,5,5,5,4,0.2,Clinically important guardrail/counter-evidence; intentionally down-weighted as an ATTRv-positive signal.,
V33,"Biceps tendon rupture, rotator cuff tear, trigger finger/tenosynovitis as an isolated orthopedic prodrome",Musculoskeletal,Surgical / orthopedic history,Subtype guardrail,Yes,3,1,Points toward ATTRwt,Moderate-High,ATTR musculoskeletal reviews,Often years before cardiac disease,Older adults with little/no neuropathy,"These are recognized ATTR musculoskeletal red flags, but the strongest evidence and classic long prodrome are ATTRwt-oriented.","They can still coexist with ATTRv, so they should not be discarded.",Age-related degenerative disease is common; isolated orthopedic pattern without neuropathy/autonomic clues points more toward ATTRwt.,"If accompanied by progressive PN/family/ocular/autonomic signs, keep ATTRv in differential",No surgery-count threshold is validated.,High,Orthopedic diagnoses; procedures,biceps rupture; rotator cuff tear; trigger finger; tenosynovitis,"Use mainly as ATTR-general context / ATTRwt guardrail, not a strong ATTRv positive row.",https://pmc.ncbi.nlm.nih.gov/articles/PMC10585157/,https://pubmed.ncbi.nlm.nih.gov/36644836/,PARTLY DISAGREE: add only as low-weight ATTR-general evidence; NotebookLM treats these as too ATTRv-specific.,12.1,39,Guardrail / differential,4.5,5,5,4,0.2,Clinically important guardrail/counter-evidence; intentionally down-weighted as an ATTRv-positive signal.,
V39,"Nephrotic-range proteinuria, macroglossia/periorbital purpura, or strong plasma-cell-disorder context",Renal / mucocutaneous / hematology,Routine labs + exam + medical history,Subtype guardrail,Yes,5,1,Raises AL concern,High,AL guideline + cross-type differential,At systemic presentation,Any patient being considered for amyloidosis,"Heavy nephrotic protein loss, classic mucocutaneous AL signs and plasma-cell disorders are much more AL-oriented than ATTRv.",Critical safeguard against mislabeling AL as hereditary ATTR.,MGUS can coexist with ATTR; no single monoclonal abnormality proves AL.,Monoclonal context + nephrotic/mucocutaneous pattern ? urgent AL pathway,Amyloid-specific FLC/IFE testing is second-stage and is not counted as a pre-test phenotype sign here.,High,Hematology history; urine/albumin; exam notes,MGUS; myeloma; nephrotic syndrome; macroglossia; purpura,Guardrail: down-weight ATTRv and preserve urgent AL differential.,https://pubmed.ncbi.nlm.nih.gov/42099096/,https://pubmed.ncbi.nlm.nih.gov/20301373/,"STRONGLY AGREE with NotebookLM's AL-safety emphasis, but keep amyloid-specific tests outside the pre-test score.",11.1,40,Guardrail / differential,5,5,5,4,0.15,Clinically important guardrail/counter-evidence; intentionally down-weighted as an ATTRv-positive signal.,
V40,Chronic inflammatory/autoinflammatory/infectious disease plus new proteinuria/nephrotic renal phenotype,Inflammatory / renal,Medical history + routine labs,Subtype guardrail,Yes,5,1,Points toward AA,High,AA guideline + cross-type differential,After sustained inflammatory disease,RA/FM F/IBD/chronic infection or similar,AA screening logic is driven by sustained inflammation followed by new proteinuria/renal dysfunction.,Prevents a generic amyloid renal phenotype from being attributed to ATTRv.,Inflammatory disease can coexist with unrelated ATTRv; context is probabilistic.,Inflammatory driver + persistent inflammation + renal protein loss ? AA-oriented evaluation,No single inflammatory duration threshold is required.,High,Problem list; labs,FMF; RA; IBD; TB; proteinuria; CRP,Guardrail: down-weight ATTRv and consider AA.,https://pubmed.ncbi.nlm.nih.gov/36759076/,https://pubmed.ncbi.nlm.nih.gov/20301373/,ADDED DIFFERENTIAL: needed to keep the four-subtype phenotype model internally consistent.,11.1,40,Guardrail / differential,5,5,5,4,0.15,Clinically important guardrail/counter-evidence; intentionally down-weighted as an ATTRv-positive signal.,
