atom_id,Clinical name,Attribute key,Readable label,Required value,Rule,Evidence role
cts_bilateral,Bilateral carpal tunnel syndrome,bilateral_or_recurrent_cts,bilateral or recurrent cts,true,QUALIFY_WT02,SUPPORT
cts_recurrent,Recurrent / revision carpal tunnel syndrome,bilateral_or_recurrent_cts,bilateral or recurrent cts,true,QUALIFY_WT02,SUPPORT
cts_bilateral,Bilateral carpal tunnel syndrome,bilateral_or_recurrent_cts,bilateral or recurrent cts,true,QUALIFY_V13,SUPPORT
cts_recurrent,Recurrent / revision carpal tunnel syndrome,bilateral_or_recurrent_cts,bilateral or recurrent cts,true,QUALIFY_V13,SUPPORT
biceps_rupture,"Spontaneous distal biceps tendon rupture (""Popeye sign"")",distal_site,distal site,true,QUALIFY_WT03,SUPPORT
biceps_rupture,"Spontaneous distal biceps tendon rupture (""Popeye sign"")",spontaneous,spontaneous,true,QUALIFY_WT03,SUPPORT
biceps_rupture,"Spontaneous distal biceps tendon rupture (""Popeye sign"")",distal_site,distal site,true,QUALIFY_WT03,SUPPORT
biceps_rupture,"Spontaneous distal biceps tendon rupture (""Popeye sign"")",trivial_trauma,trivial trauma,true,QUALIFY_WT03,SUPPORT
lumbar_decompression,lumbar decompression,documented_stenosis_indication,documented stenosis indication,true,QUALIFY_WT05,SUPPORT
arthroplasty,Hip or knee joint replacement (arthroplasty),hip_or_knee,hip or knee,true,QUALIFY_WT06,SUPPORT
rotator_cuff,Rotator cuff tear / repair,orthopedic_cluster_context,orthopedic cluster context,true,QUALIFY_WT08,SUPPORT
rotator_cuff_repair,rotator cuff repair,orthopedic_cluster_context,orthopedic cluster context,true,QUALIFY_WT08,SUPPORT
shoulder_disorder,shoulder disorder,orthopedic_cluster_context,orthopedic cluster context,true,QUALIFY_WT08,SUPPORT
hf_any,Heart failure (any),otherwise_unexplained,otherwise unexplained,true,QUALIFY_WT09,SUPPORT
hfpef,Heart failure with preserved ejection fraction,otherwise_unexplained,otherwise unexplained,true,QUALIFY_WT09,SUPPORT
thick_walls,Unexplained left-ventricular wall thickness / LVH,abnormal_wall_or_geometry,abnormal wall or geometry,true,QUALIFY_WT10,SUPPORT
thick_walls,Unexplained left-ventricular wall thickness / LVH,otherwise_unexplained,otherwise unexplained,true,QUALIFY_WT10,SUPPORT
lv_wall_measurement,lv wall measurement,abnormal_wall_or_geometry,abnormal wall or geometry,true,QUALIFY_WT10,SUPPORT
lv_wall_measurement,lv wall measurement,otherwise_unexplained,otherwise unexplained,true,QUALIFY_WT10,SUPPORT
lv_relative_wall_thickness,lv relative wall thickness,abnormal_wall_or_geometry,abnormal wall or geometry,true,QUALIFY_WT10,SUPPORT
lv_relative_wall_thickness,lv relative wall thickness,otherwise_unexplained,otherwise unexplained,true,QUALIFY_WT10,SUPPORT
lv_cavity_geometry,lv cavity geometry,abnormal_wall_or_geometry,abnormal wall or geometry,true,QUALIFY_WT10,SUPPORT
lv_cavity_geometry,lv cavity geometry,otherwise_unexplained,otherwise unexplained,true,QUALIFY_WT10,SUPPORT
pacemaker_implantation,pacemaker implantation,documented_conduction_indication,documented conduction indication,true,QUALIFY_WT12,SUPPORT
pacemaker_presence,pacemaker presence,documented_conduction_indication,documented conduction indication,true,QUALIFY_WT12,SUPPORT
as_valve,Aortic stenosis,severe_aortic_stenosis,severe aortic stenosis,true,QUALIFY_WT14,SUPPORT
as_valve,Aortic stenosis,additional_amyloid_clue,additional amyloid clue,true,QUALIFY_WT14,SUPPORT
apical_sparing,Apical sparing (cherry-on-top) on GLS,affirmed_relative_apical_sparing,affirmed relative apical sparing,true,QUALIFY_WT15,SUPPORT
voltage_mass_mismatch,Low ECG voltage relative to LV mass,integrated_discordance_or_pseudoinfarction,integrated discordance or pseudoinfarction,true,QUALIFY_WT16,SUPPORT
pseudo_infarct,Pseudo-infarction Q waves,integrated_discordance_or_pseudoinfarction,integrated discordance or pseudoinfarction,true,QUALIFY_WT16,SUPPORT
age_excessive_snhl,Bilateral sensorineural hearing loss greater than expected for age,sensorineural,sensorineural,true,QUALIFY_WT21,SUPPORT
age_excessive_snhl,Bilateral sensorineural hearing loss greater than expected for age,bilateral,bilateral,true,QUALIFY_WT21,SUPPORT
age_excessive_snhl,Bilateral sensorineural hearing loss greater than expected for age,greater_than_age_expected,greater than age expected,true,QUALIFY_WT21,SUPPORT
ttr_pathogenic_variant,Pathogenic or likely pathogenic TTR variant in the patient,pathogenic_or_likely_pathogenic,pathogenic or likely pathogenic,true,QUALIFY_V01,SUPPORT
ttr_pathogenic_variant,Pathogenic or likely pathogenic TTR variant in the patient,prior_known,prior known,true,QUALIFY_V01,SUPPORT
ttr_pathogenic_variant,Pathogenic or likely pathogenic TTR variant in the patient,prior_cascade_or_predictive_testing,prior cascade or predictive testing,true,QUALIFY_V01,SUPPORT
neuropathic_pain,"Neuropathic pain (burning feet, dysesthesia, allodynia)",small_fiber_distribution,small fiber distribution,true,QUALIFY_V04,SUPPORT
sensory_loss,sensory loss,early_pain_temperature_loss,early pain temperature loss,true,QUALIFY_V04,SUPPORT
sfn,Small-fiber neuropathy,documented_pain_or_temperature_phenotype,documented pain or temperature phenotype,true,QUALIFY_V04,SUPPORT
dysautonomia,Autonomic dysfunction / dysautonomia,early_autonomic_involvement,early autonomic involvement,true,QUALIFY_V05,SUPPORT
fhx_established_attr,First-degree family history of genetically or clinically established ATTR amyloidosis,first_degree,first degree,true,QUALIFY_V07,SUPPORT
fhx_established_attr,First-degree family history of genetically or clinically established ATTR amyloidosis,established_attr,established attr,true,QUALIFY_V07,SUPPORT
fhx_adult_onset_neuropathy,Family history of unexplained adult-onset progressive neuropathy,adult_onset,adult onset,true,QUALIFY_V08,SUPPORT
fhx_adult_onset_neuropathy,Family history of unexplained adult-onset progressive neuropathy,progressive,progressive,true,QUALIFY_V08,SUPPORT
fhx_adult_onset_neuropathy,Family history of unexplained adult-onset progressive neuropathy,otherwise_unexplained,otherwise unexplained,true,QUALIFY_V08,SUPPORT
orthostatic,Orthostatic hypotension,medication_context_assessed,medication context assessed,true,QUALIFY_V09,SUPPORT
orthostatic_intolerance,orthostatic intolerance,recurrent,recurrent,true,QUALIFY_V09,SUPPORT
orthostatic_intolerance,orthostatic intolerance,medication_context_assessed,medication context assessed,true,QUALIFY_V09,SUPPORT
diarrhea,diarrhea,chronic,chronic,true,QUALIFY_V10,SUPPORT
diarrhea,diarrhea,alternating_diarrhea_constipation,alternating diarrhea constipation,true,QUALIFY_V10,SUPPORT
constipation,constipation,alternating_diarrhea_constipation,alternating diarrhea constipation,true,QUALIFY_V10,SUPPORT
gi_dysmotility,Unexplained gastrointestinal dysmotility,otherwise_unexplained,otherwise unexplained,true,QUALIFY_V10,SUPPORT
weight_result,weight result,documented_decline,documented decline,true,QUALIFY_V12,SUPPORT
weight_result,weight result,unintentional,unintentional,true,QUALIFY_V12,SUPPORT
bmi_result,bmi result,documented_decline,documented decline,true,QUALIFY_V12,SUPPORT
bmi_result,bmi result,valid_bmi_method,valid bmi method,true,QUALIFY_V12,SUPPORT
modified_bmi_result,modified bmi result,documented_decline,documented decline,true,QUALIFY_V12,SUPPORT
modified_bmi_result,modified bmi result,valid_modified_bmi_method,valid modified bmi method,true,QUALIFY_V12,SUPPORT
vitreous_opacity,vitreous opacity,ophthalmology_provenance,ophthalmology provenance,true,QUALIFY_V15,SUPPORT
vitreous_opacity,vitreous opacity,pre_recognition,pre recognition,true,QUALIFY_V15,SUPPORT
floaters,floaters,ophthalmology_provenance,ophthalmology provenance,true,QUALIFY_V15,SUPPORT
floaters,floaters,pre_recognition,pre recognition,true,QUALIFY_V15,SUPPORT
floaters,floaters,recurrent,recurrent,true,QUALIFY_V15,SUPPORT
floaters,floaters,dark_floaters,dark floaters,true,QUALIFY_V15,SUPPORT
floaters,floaters,otherwise_unexplained,otherwise unexplained,true,QUALIFY_V15,SUPPORT
scalloped_pupil,Scalloped pupil / characteristic pupillary abnormality,ophthalmology_provenance,ophthalmology provenance,true,QUALIFY_V16,SUPPORT
iris_abnormality,iris abnormality,ophthalmology_provenance,ophthalmology provenance,true,QUALIFY_V16,SUPPORT
iris_abnormality,iris abnormality,characteristic_scalloped_or_fringed_margin,characteristic scalloped or fringed margin,true,QUALIFY_V16,SUPPORT
cardiomyopathy,cardiomyopathy,otherwise_unexplained,otherwise unexplained,true,QUALIFY_V24,SUPPORT
hfpef,Heart failure with preserved ejection fraction,otherwise_unexplained,otherwise unexplained,true,QUALIFY_V24,SUPPORT
thick_walls,Unexplained left-ventricular wall thickness / LVH,otherwise_unexplained,otherwise unexplained,true,QUALIFY_V24,SUPPORT
dysphagia,dysphagia,bulbar_pattern_assessed,bulbar pattern assessed,true,QUALIFY_V28,SUPPORT
dysphagia,dysphagia,otherwise_unexplained,otherwise unexplained,true,QUALIFY_V28,SUPPORT
hoarseness,hoarseness,bulbar_pattern_assessed,bulbar pattern assessed,true,QUALIFY_V28,SUPPORT
hoarseness,hoarseness,otherwise_unexplained,otherwise unexplained,true,QUALIFY_V28,SUPPORT
dysarthria,dysarthria,bulbar_pattern_assessed,bulbar pattern assessed,true,QUALIFY_V28,SUPPORT
dysarthria,dysarthria,otherwise_unexplained,otherwise unexplained,true,QUALIFY_V28,SUPPORT
choking,choking,bulbar_pattern_assessed,bulbar pattern assessed,true,QUALIFY_V28,SUPPORT
choking,choking,otherwise_unexplained,otherwise unexplained,true,QUALIFY_V28,SUPPORT
erectile_dysfunction,erectile dysfunction,accompanying_autonomic_or_neurologic_symptoms,accompanying autonomic or neurologic symptoms,true,QUALIFY_V26,SUPPORT
urinary_retention,urinary retention,accompanying_neuropathy,accompanying neuropathy,true,QUALIFY_V27,SUPPORT
urinary_incontinence,urinary incontinence,accompanying_neuropathy,accompanying neuropathy,true,QUALIFY_V27,SUPPORT
neurogenic_bladder,neurogenic bladder,accompanying_neuropathy,accompanying neuropathy,true,QUALIFY_V27,SUPPORT
pacemaker_implantation,pacemaker implantation,documented_conduction_indication,documented conduction indication,true,QUALIFY_V25,SUPPORT
pacemaker_presence,pacemaker presence,documented_conduction_indication,documented conduction indication,true,QUALIFY_V25,SUPPORT
plantar_ulcer,plantar ulcer,painless,painless,true,QUALIFY_V29,SUPPORT
sensory_loss,sensory loss,anatomically_linked,anatomically linked,true,QUALIFY_V29,CONTEXT
charcot_arthropathy,charcot arthropathy,documented_neuropathic_foot_context,documented neuropathic foot context,true,QUALIFY_V29,SUPPORT
trophic_change,trophic change,documented_neuropathic_foot_context,documented neuropathic foot context,true,QUALIFY_V29,SUPPORT
lower_limb_symptom,lower limb symptom,persistent,persistent,true,QUALIFY_V30,SUPPORT
lower_limb_symptom,lower limb symptom,linked_lumbar_stenosis,linked lumbar stenosis,true,QUALIFY_V30,SUPPORT
lower_limb_symptom,lower limb symptom,persistent,persistent,true,QUALIFY_V30,SUPPORT
lower_limb_symptom,lower limb symptom,persists_after_linked_decompression,persists after linked decompression,true,QUALIFY_V30,SUPPORT
unintentional_weight_loss,Unintentional weight loss / declining BMI,severe,severe,true,QUALIFY_V34,SUPPORT
unintentional_weight_loss,Unintentional weight loss / declining BMI,gi_associated,gi associated,true,QUALIFY_V34,SUPPORT
unintentional_weight_loss,Unintentional weight loss / declining BMI,eating_disorder_attribution_assessed_inadequate,eating disorder attribution assessed inadequate,true,QUALIFY_V34,SUPPORT
plasma_cell_dyscrasia,Plasma-cell dyscrasia / myeloma,established_clonal_diagnosis,established clonal diagnosis,true,QUALIFY_AL01,SUPPORT
plasma_cell_dyscrasia,Plasma-cell dyscrasia / myeloma,prior_known,prior known,true,QUALIFY_AL01,SUPPORT
mgus,Monoclonal gammopathy of undetermined significance,established_mgus,established mgus,true,QUALIFY_AL02,SUPPORT
mgus,Monoclonal gammopathy of undetermined significance,prior_known,prior known,true,QUALIFY_AL02,SUPPORT
hypoalbuminemia,Hypoalbuminemia,linked_albumin_edema_interval,linked albumin edema interval,true,QUALIFY_AL05,SUPPORT
peripheral_edema,Peripheral edema / anasarca,linked_albumin_edema_interval,linked albumin edema interval,true,QUALIFY_AL05,SUPPORT
creatinine_result,creatinine result,documented_rise,documented rise,true,QUALIFY_AL06,SUPPORT
egfr_result,egfr result,documented_fall,documented fall,true,QUALIFY_AL06,SUPPORT
urine_protein_result,urine protein result,abnormal,abnormal,true,QUALIFY_AL06,CONTEXT
mgus,Monoclonal gammopathy of undetermined significance,prior_known,prior known,true,QUALIFY_AL06,CONTEXT
plasma_cell_dyscrasia,Plasma-cell dyscrasia / myeloma,prior_known,prior known,true,QUALIFY_AL06,CONTEXT
macroglossia,Macroglossia / acquired tongue enlargement,acquired_macroglossia,acquired macroglossia,true,QUALIFY_AL07,SUPPORT
ecchymosis,ecchymosis,spontaneous,spontaneous,true,QUALIFY_AL08,SUPPORT
ecchymosis,ecchymosis,otherwise_unexplained,otherwise unexplained,true,QUALIFY_AL08,SUPPORT
weight_result,weight result,documented_decline,documented decline,true,QUALIFY_AL09,SUPPORT
abdominal_pain,abdominal pain,otherwise_unexplained,otherwise unexplained,true,QUALIFY_AL10,SUPPORT
diarrhea,diarrhea,persistent,persistent,true,QUALIFY_AL11,SUPPORT
constipation,constipation,persistent,persistent,true,QUALIFY_AL11,SUPPORT
dysphagia,dysphagia,persistent,persistent,true,QUALIFY_AL11,SUPPORT
hf_any,Heart failure (any),otherwise_unexplained,otherwise unexplained,true,QUALIFY_AL14,SUPPORT
hfpef,Heart failure with preserved ejection fraction,otherwise_unexplained,otherwise unexplained,true,QUALIFY_AL14,SUPPORT
thick_walls,Unexplained left-ventricular wall thickness / LVH,otherwise_unexplained,otherwise unexplained,true,QUALIFY_AL15,SUPPORT
thick_walls,Unexplained left-ventricular wall thickness / LVH,obtained_before_amyloid_suspicion,obtained before amyloid suspicion,true,QUALIFY_AL15,SUPPORT
restrictive_filling,Restrictive filling / grade III diastolic dysfunction,otherwise_unexplained,otherwise unexplained,true,QUALIFY_AL15,SUPPORT
restrictive_filling,Restrictive filling / grade III diastolic dysfunction,obtained_before_amyloid_suspicion,obtained before amyloid suspicion,true,QUALIFY_AL15,SUPPORT
restrictive_cardiomyopathy,restrictive cardiomyopathy,otherwise_unexplained,otherwise unexplained,true,QUALIFY_AL15,SUPPORT
restrictive_cardiomyopathy,restrictive cardiomyopathy,obtained_before_amyloid_suspicion,obtained before amyloid suspicion,true,QUALIFY_AL15,SUPPORT
low_ecg_voltage,ECG low voltage,voltage_or_integrated_pseudoinfarction_finding,voltage or integrated pseudoinfarction finding,true,QUALIFY_AL16,SUPPORT
voltage_mass_mismatch,Low ECG voltage relative to LV mass,voltage_or_integrated_pseudoinfarction_finding,voltage or integrated pseudoinfarction finding,true,QUALIFY_AL16,SUPPORT
pseudo_infarct,Pseudo-infarction Q waves,voltage_or_integrated_pseudoinfarction_finding,voltage or integrated pseudoinfarction finding,true,QUALIFY_AL16,SUPPORT
bnp_result,bnp result,elevated,elevated,true,QUALIFY_AL17,SUPPORT
bnp_result,bnp result,disproportionate_to_clinical_context,disproportionate to clinical context,true,QUALIFY_AL17,SUPPORT
ntprobnp_result,ntprobnp result,elevated,elevated,true,QUALIFY_AL17,SUPPORT
ntprobnp_result,ntprobnp result,disproportionate_to_clinical_context,disproportionate to clinical context,true,QUALIFY_AL17,SUPPORT
troponin_result,troponin result,elevated,elevated,true,QUALIFY_AL17,SUPPORT
troponin_result,troponin result,disproportionate_to_clinical_context,disproportionate to clinical context,true,QUALIFY_AL17,SUPPORT
hepatomegaly,hepatomegaly,otherwise_unexplained,otherwise unexplained,true,QUALIFY_AL18,SUPPORT
hepatic_alp_elevation,hepatic alp elevation,hepatic_origin,hepatic origin,true,QUALIFY_AL18,SUPPORT
hepatic_alp_elevation,hepatic alp elevation,otherwise_unexplained,otherwise unexplained,true,QUALIFY_AL18,SUPPORT
polyneuropathy,Polyneuropathy / peripheral neuropathy,symmetric_sensorimotor_or_sensory_loss,symmetric sensorimotor or sensory loss,true,QUALIFY_AL24,SUPPORT
sensory_loss,sensory loss,symmetric_sensorimotor_or_sensory_loss,symmetric sensorimotor or sensory loss,true,QUALIFY_AL24,SUPPORT
monoclonal_study_result,monoclonal study result,abnormal_monoclonal_result,abnormal monoclonal result,true,QUALIFY_AL27,SUPPORT
monoclonal_study_result,monoclonal study result,prior_surveillance_indication,prior surveillance indication,true,QUALIFY_AL27,SUPPORT
monoclonal_study_result,monoclonal study result,prior_known,prior known,true,QUALIFY_AL27,SUPPORT
urine_protein_result,urine protein result,abnormal,abnormal,true,QUALIFY_AL27,CONTEXT
urine_protein_result,urine protein result,new,new,true,QUALIFY_AL27,CONTEXT
urine_protein_result,urine protein result,otherwise_unexplained,otherwise unexplained,true,QUALIFY_AL27,CONTEXT
bnp_result,bnp result,abnormal,abnormal,true,QUALIFY_AL27,CONTEXT
bnp_result,bnp result,new,new,true,QUALIFY_AL27,CONTEXT
bnp_result,bnp result,otherwise_unexplained,otherwise unexplained,true,QUALIFY_AL27,CONTEXT
ntprobnp_result,ntprobnp result,abnormal,abnormal,true,QUALIFY_AL27,CONTEXT
ntprobnp_result,ntprobnp result,new,new,true,QUALIFY_AL27,CONTEXT
ntprobnp_result,ntprobnp result,otherwise_unexplained,otherwise unexplained,true,QUALIFY_AL27,CONTEXT
troponin_result,troponin result,abnormal,abnormal,true,QUALIFY_AL27,CONTEXT
troponin_result,troponin result,new,new,true,QUALIFY_AL27,CONTEXT
troponin_result,troponin result,otherwise_unexplained,otherwise unexplained,true,QUALIFY_AL27,CONTEXT
nephrotic_range_proteinuria,Nephrotic-range proteinuria,new,new,true,QUALIFY_AL27,CONTEXT
nephrotic_range_proteinuria,Nephrotic-range proteinuria,otherwise_unexplained,otherwise unexplained,true,QUALIFY_AL27,CONTEXT
nephrotic_syndrome,Nephrotic syndrome,new,new,true,QUALIFY_AL27,CONTEXT
nephrotic_syndrome,Nephrotic syndrome,otherwise_unexplained,otherwise unexplained,true,QUALIFY_AL27,CONTEXT
renal_dysfunction,renal dysfunction,new,new,true,QUALIFY_AL27,CONTEXT
renal_dysfunction,renal dysfunction,otherwise_unexplained,otherwise unexplained,true,QUALIFY_AL27,CONTEXT
hf_any,Heart failure (any),new,new,true,QUALIFY_AL27,CONTEXT
hf_any,Heart failure (any),otherwise_unexplained,otherwise unexplained,true,QUALIFY_AL27,CONTEXT
hfpef,Heart failure with preserved ejection fraction,new,new,true,QUALIFY_AL27,CONTEXT
hfpef,Heart failure with preserved ejection fraction,otherwise_unexplained,otherwise unexplained,true,QUALIFY_AL27,CONTEXT
cardiomyopathy,cardiomyopathy,new,new,true,QUALIFY_AL27,CONTEXT
cardiomyopathy,cardiomyopathy,otherwise_unexplained,otherwise unexplained,true,QUALIFY_AL27,CONTEXT
thick_walls,Unexplained left-ventricular wall thickness / LVH,new,new,true,QUALIFY_AL27,CONTEXT
thick_walls,Unexplained left-ventricular wall thickness / LVH,otherwise_unexplained,otherwise unexplained,true,QUALIFY_AL27,CONTEXT
restrictive_filling,Restrictive filling / grade III diastolic dysfunction,new,new,true,QUALIFY_AL27,CONTEXT
restrictive_filling,Restrictive filling / grade III diastolic dysfunction,otherwise_unexplained,otherwise unexplained,true,QUALIFY_AL27,CONTEXT
polyneuropathy,Polyneuropathy / peripheral neuropathy,new,new,true,QUALIFY_AL27,CONTEXT
polyneuropathy,Polyneuropathy / peripheral neuropathy,otherwise_unexplained,otherwise unexplained,true,QUALIFY_AL27,CONTEXT
sensory_loss,sensory loss,new,new,true,QUALIFY_AL27,CONTEXT
sensory_loss,sensory loss,otherwise_unexplained,otherwise unexplained,true,QUALIFY_AL27,CONTEXT
orthostatic,Orthostatic hypotension,new,new,true,QUALIFY_AL27,CONTEXT
orthostatic,Orthostatic hypotension,otherwise_unexplained,otherwise unexplained,true,QUALIFY_AL27,CONTEXT
dysautonomia,Autonomic dysfunction / dysautonomia,new,new,true,QUALIFY_AL27,CONTEXT
dysautonomia,Autonomic dysfunction / dysautonomia,otherwise_unexplained,otherwise unexplained,true,QUALIFY_AL27,CONTEXT
hypoalbuminemia,Hypoalbuminemia,new,new,true,QUALIFY_AL27,CONTEXT
hypoalbuminemia,Hypoalbuminemia,otherwise_unexplained,otherwise unexplained,true,QUALIFY_AL27,CONTEXT
hepatomegaly,hepatomegaly,new,new,true,QUALIFY_AL27,CONTEXT
hepatomegaly,hepatomegaly,otherwise_unexplained,otherwise unexplained,true,QUALIFY_AL27,CONTEXT
hepatic_alp_elevation,hepatic alp elevation,new,new,true,QUALIFY_AL27,CONTEXT
hepatic_alp_elevation,hepatic alp elevation,otherwise_unexplained,otherwise unexplained,true,QUALIFY_AL27,CONTEXT
early_satiety,early satiety,new,new,true,QUALIFY_AL27,CONTEXT
early_satiety,early satiety,otherwise_unexplained,otherwise unexplained,true,QUALIFY_AL27,CONTEXT
nausea,nausea,new,new,true,QUALIFY_AL27,CONTEXT
nausea,nausea,otherwise_unexplained,otherwise unexplained,true,QUALIFY_AL27,CONTEXT
vomiting,vomiting,new,new,true,QUALIFY_AL27,CONTEXT
vomiting,vomiting,otherwise_unexplained,otherwise unexplained,true,QUALIFY_AL27,CONTEXT
abdominal_pain,abdominal pain,new,new,true,QUALIFY_AL27,CONTEXT
abdominal_pain,abdominal pain,otherwise_unexplained,otherwise unexplained,true,QUALIFY_AL27,CONTEXT
diarrhea,diarrhea,new,new,true,QUALIFY_AL27,CONTEXT
diarrhea,diarrhea,otherwise_unexplained,otherwise unexplained,true,QUALIFY_AL27,CONTEXT
constipation,constipation,new,new,true,QUALIFY_AL27,CONTEXT
constipation,constipation,otherwise_unexplained,otherwise unexplained,true,QUALIFY_AL27,CONTEXT
dysphagia,dysphagia,new,new,true,QUALIFY_AL27,CONTEXT
dysphagia,dysphagia,otherwise_unexplained,otherwise unexplained,true,QUALIFY_AL27,CONTEXT
unintentional_weight_loss,Unintentional weight loss / declining BMI,new,new,true,QUALIFY_AL27,CONTEXT
unintentional_weight_loss,Unintentional weight loss / declining BMI,otherwise_unexplained,otherwise unexplained,true,QUALIFY_AL27,CONTEXT
hypotension,hypotension,independent_multisystem_context,independent multisystem context,true,QUALIFY_AL29,SUPPORT
syncope,syncope,independent_multisystem_context,independent multisystem context,true,QUALIFY_AL29,SUPPORT
dizziness,dizziness,independent_multisystem_context,independent multisystem context,true,QUALIFY_AL29,SUPPORT
cardiomyopathy,cardiomyopathy,otherwise_unexplained,otherwise unexplained,true,QUALIFY_AL33,SUPPORT
cardiomyopathy,cardiomyopathy,assessed_isolated_cardiac_context,assessed isolated cardiac context,true,QUALIFY_AL33,SUPPORT
cardiomegaly,cardiomegaly,otherwise_unexplained,otherwise unexplained,true,QUALIFY_AL33,SUPPORT
cardiomegaly,cardiomegaly,assessed_isolated_cardiac_context,assessed isolated cardiac context,true,QUALIFY_AL33,SUPPORT
peripheral_edema,Peripheral edema / anasarca,proteinuria_and_hypoalbuminemia_not_documented,proteinuria and hypoalbuminemia not documented,true,QUALIFY_AL34,SUPPORT
chronic_inflammatory_arthritis,Chronic inflammatory joint disease,established_inflammatory_arthritis,established inflammatory arthritis,true,QUALIFY_AA01,SUPPORT
fmf,Familial Mediterranean fever / periodic fever syndrome,documented_fmf_or_periodic_fever_subtype,documented fmf or periodic fever subtype,true,QUALIFY_AA02,SUPPORT
autoinflammatory_syndrome,Other chronic autoinflammatory syndrome,documented_fmf_or_periodic_fever_subtype,documented fmf or periodic fever subtype,true,QUALIFY_AA02,SUPPORT
mefv_high_risk_genotype,High-risk MEFV genotype in the patient,documented_risk_genotype,documented risk genotype,true,QUALIFY_AA03,SUPPORT
fmf,Familial Mediterranean fever / periodic fever syndrome,established_fmf,established fmf,true,QUALIFY_AA03,CONTEXT
autoinflammatory_syndrome,Other chronic autoinflammatory syndrome,documented_non_fmf_syndrome,documented non fmf syndrome,true,QUALIFY_AA06,SUPPORT
ibd_inflammatory_driver,Inflammatory bowel disease,established_ibd,established ibd,true,QUALIFY_AA07,SUPPORT
chronic_infection,Chronic or active infection,active_chronic_or_recurrent_infection,active chronic or recurrent infection,true,QUALIFY_AA08,SUPPORT
bronchiectasis,bronchiectasis,active_chronic_or_recurrent_infection,active chronic or recurrent infection,true,QUALIFY_AA08,SUPPORT
skin_soft_tissue_infection,skin soft tissue infection,infected,infected,true,QUALIFY_AA09,SUPPORT
skin_soft_tissue_infection,skin soft tissue infection,chronic_or_recurrent,chronic or recurrent,true,QUALIFY_AA09,SUPPORT
abscess,abscess,infected,infected,true,QUALIFY_AA09,SUPPORT
abscess,abscess,chronic_or_recurrent,chronic or recurrent,true,QUALIFY_AA09,SUPPORT
chronic_wound,chronic wound,infected,infected,true,QUALIFY_AA09,SUPPORT
chronic_wound,chronic wound,chronic_or_recurrent,chronic or recurrent,true,QUALIFY_AA09,SUPPORT
castleman_disease,castleman disease,established_diagnosis,established diagnosis,true,QUALIFY_AA10,SUPPORT
renal_cell_carcinoma,renal cell carcinoma,established_diagnosis,established diagnosis,true,QUALIFY_AA10,SUPPORT
crp_result,crp result,sustained_inflammatory_activity,sustained inflammatory activity,true,QUALIFY_AA10,CONTEXT
crp_result,crp result,linked_precursor_disease,linked precursor disease,true,QUALIFY_AA10,CONTEXT
esr_result,esr result,sustained_inflammatory_activity,sustained inflammatory activity,true,QUALIFY_AA10,CONTEXT
esr_result,esr result,linked_precursor_disease,linked precursor disease,true,QUALIFY_AA10,CONTEXT
saa_result,saa result,sustained_inflammatory_activity,sustained inflammatory activity,true,QUALIFY_AA10,CONTEXT
saa_result,saa result,linked_precursor_disease,linked precursor disease,true,QUALIFY_AA10,CONTEXT
inflammatory_control_assessment,inflammatory control assessment,sustained_inflammatory_activity,sustained inflammatory activity,true,QUALIFY_AA10,CONTEXT
inflammatory_control_assessment,inflammatory control assessment,linked_precursor_disease,linked precursor disease,true,QUALIFY_AA10,CONTEXT
obesity,obesity,documented_severe_obesity,documented severe obesity,true,QUALIFY_AA11,SUPPORT
obesity,obesity,otherwise_unexplained_context,otherwise unexplained context,true,QUALIFY_AA11,SUPPORT
microalbuminuria,Microalbuminuria / low-grade albuminuria,low_grade_albuminuria,low grade albuminuria,true,QUALIFY_AA15,SUPPORT
microalbuminuria,Microalbuminuria / low-grade albuminuria,new_or_persistent,new or persistent,true,QUALIFY_AA15,SUPPORT
hypoalbuminemia,Hypoalbuminemia,linked_renal_protein_loss,linked renal protein loss,true,QUALIFY_AA18,SUPPORT
urine_protein_result,urine protein result,linked_renal_protein_loss,linked renal protein loss,true,QUALIFY_AA18,CONTEXT
nephrotic_range_proteinuria,Nephrotic-range proteinuria,linked_renal_protein_loss,linked renal protein loss,true,QUALIFY_AA18,CONTEXT
nephrotic_syndrome,Nephrotic syndrome,linked_renal_protein_loss,linked renal protein loss,true,QUALIFY_AA18,CONTEXT
diarrhea,diarrhea,persistent_or_intractable,persistent or intractable,true,QUALIFY_AA22,SUPPORT
diarrhea,diarrhea,ibd_and_infection_explanation_assessed_inadequate,ibd and infection explanation assessed inadequate,true,QUALIFY_AA22,SUPPORT
macroglossia,Macroglossia / acquired tongue enlargement,new,new,true,AL26_NEW_UNEXPLAINED_ORGAN,SUPPORT
macroglossia,Macroglossia / acquired tongue enlargement,otherwise_unexplained,otherwise unexplained,true,AL26_NEW_UNEXPLAINED_ORGAN,SUPPORT
nephrotic_range_proteinuria,Nephrotic-range proteinuria,new,new,true,AL26_NEW_UNEXPLAINED_ORGAN,SUPPORT
nephrotic_range_proteinuria,Nephrotic-range proteinuria,otherwise_unexplained,otherwise unexplained,true,AL26_NEW_UNEXPLAINED_ORGAN,SUPPORT
nephrotic_syndrome,Nephrotic syndrome,new,new,true,AL26_NEW_UNEXPLAINED_ORGAN,SUPPORT
nephrotic_syndrome,Nephrotic syndrome,otherwise_unexplained,otherwise unexplained,true,AL26_NEW_UNEXPLAINED_ORGAN,SUPPORT
nausea,nausea,recurrent,recurrent,true,QUALIFY_V11,SUPPORT
vomiting,vomiting,recurrent,recurrent,true,QUALIFY_V11,SUPPORT
sudoscan_reduced_esc,Reduced electrochemical skin conductance on SUDOSCAN,prior_known,prior known,true,QUALIFY_V19,SUPPORT
abnormal_cutaneous_silent_period,Abnormal cutaneous silent period,prior_known,prior known,true,QUALIFY_V20,SUPPORT
nerve_ultrasound_enlargement,Nerve ultrasound proximal enlargement,prior_known,prior known,true,QUALIFY_V22,SUPPORT
nerve_ultrasound_enlargement,Nerve ultrasound proximal enlargement,proximal_or_multifocal_enlargement,proximal or multifocal enlargement,true,QUALIFY_V22,SUPPORT
nerve_ultrasound_enlargement,Nerve ultrasound proximal enlargement,specialist_interpretation,specialist interpretation,true,QUALIFY_V22,SUPPORT
nerve_ultrasound_result,nerve ultrasound result,prior_known,prior known,true,QUALIFY_V22,SUPPORT
nerve_ultrasound_result,nerve ultrasound result,specialist_documented_attr_compatible_pattern,specialist documented attr compatible pattern,true,QUALIFY_V22,SUPPORT
mibg_cardiac_denervation,Cardiac sympathetic denervation on 123I-MIBG,prior_known,prior known,true,QUALIFY_V23,SUPPORT
cts_bilateral,Bilateral carpal tunnel syndrome,bilateral_or_recurrent_cts,bilateral or recurrent cts,true,QUALIFY_WT04,SUPPORT
cts_recurrent,Recurrent / revision carpal tunnel syndrome,bilateral_or_recurrent_cts,bilateral or recurrent cts,true,QUALIFY_WT04,SUPPORT
biceps_rupture,"Spontaneous distal biceps tendon rupture (""Popeye sign"")",distal_site,distal site,true,QUALIFY_WT04,SUPPORT
biceps_rupture,"Spontaneous distal biceps tendon rupture (""Popeye sign"")",spontaneous,spontaneous,true,QUALIFY_WT04,SUPPORT
biceps_rupture,"Spontaneous distal biceps tendon rupture (""Popeye sign"")",distal_site,distal site,true,QUALIFY_WT04,SUPPORT
biceps_rupture,"Spontaneous distal biceps tendon rupture (""Popeye sign"")",trivial_trauma,trivial trauma,true,QUALIFY_WT04,SUPPORT
lumbar_decompression,lumbar decompression,documented_stenosis_indication,documented stenosis indication,true,QUALIFY_WT04,SUPPORT
arthroplasty,Hip or knee joint replacement (arthroplasty),hip_or_knee,hip or knee,true,QUALIFY_WT04,SUPPORT
hypertrophic_cardiomyopathy,hypertrophic cardiomyopathy,documented_late_onset,documented late onset,true,QUALIFY_WT13,SUPPORT
hypertrophic_cardiomyopathy,hypertrophic cardiomyopathy,sarcomeric_explanation_assessed_inadequate,sarcomeric explanation assessed inadequate,true,QUALIFY_WT13,SUPPORT
asymmetric_septal_hypertrophy,asymmetric septal hypertrophy,documented_late_onset,documented late onset,true,QUALIFY_WT13,SUPPORT
asymmetric_septal_hypertrophy,asymmetric septal hypertrophy,sarcomeric_explanation_assessed_inadequate,sarcomeric explanation assessed inadequate,true,QUALIFY_WT13,SUPPORT
myocardial_contraction_fraction_result,myocardial contraction fraction result,reported_reduced,reported reduced,true,QUALIFY_WT17,SUPPORT
myocardial_contraction_fraction_result,myocardial contraction fraction result,method_recorded,method recorded,true,QUALIFY_WT17,SUPPORT
lvef_result,lvef result,preserved_or_mildly_reduced,preserved or mildly reduced,true,QUALIFY_WT17,CONTEXT
lvef_result,lvef result,same_imaging_study,same imaging study,true,QUALIFY_WT17,CONTEXT
blood_pressure_result,blood pressure result,documented_unexpected_fall,documented unexpected fall,true,QUALIFY_WT18,SUPPORT
blood_pressure_result,blood pressure result,prior_longstanding_hypertension,prior longstanding hypertension,true,QUALIFY_WT18,SUPPORT
hf_medication_intolerance,hf medication intolerance,new,new,true,QUALIFY_WT18,SUPPORT
hf_medication_intolerance,hf medication intolerance,hf_or_antihypertensive_therapy,hf or antihypertensive therapy,true,QUALIFY_WT18,SUPPORT
bnp_lvmi_ratio_result,bnp lvmi ratio result,valid_paired_bnp_lvmi,valid paired bnp lvmi,true,QUALIFY_WT19,SUPPORT
bnp_lvmi_ratio_result,bnp lvmi ratio result,assay_and_units_recorded,assay and units recorded,true,QUALIFY_WT19,SUPPORT
bnp_lvmi_ratio_result,bnp lvmi ratio result,independently_obtained,independently obtained,true,QUALIFY_WT19,SUPPORT
myocardial_bone_tracer_uptake,myocardial bone tracer uptake,confirmed_myocardial_localization,confirmed myocardial localization,true,QUALIFY_WT20,SUPPORT
myocardial_bone_tracer_uptake,myocardial bone tracer uptake,bone_avid_tracer,bone avid tracer,true,QUALIFY_WT20,SUPPORT
myocardial_bone_tracer_uptake,myocardial bone tracer uptake,documented_non_amyloid_indication,documented non amyloid indication,true,QUALIFY_WT20,SUPPORT
recorded_sex,recorded sex,value,value,"""MALE""",QUALIFY_WT23,SUPPORT
age_at_observation,age at observation,documented_older_adult,documented older adult,true,QUALIFY_WT23,SUPPORT
polyneuropathy,Polyneuropathy / peripheral neuropathy,axonal,axonal,true,QUALIFY_V03,SUPPORT
polyneuropathy,Polyneuropathy / peripheral neuropathy,otherwise_unexplained,otherwise unexplained,true,QUALIFY_V03,SUPPORT
hf_medication_intolerance,hf medication intolerance,progressive,progressive,true,QUALIFY_V31,SUPPORT
hf_medication_intolerance,hf medication intolerance,antihypertensive_therapy,antihypertensive therapy,true,QUALIFY_V31,SUPPORT
medication_dose_change,medication dose change,down_titration_for_intolerance,down titration for intolerance,true,QUALIFY_V31,SUPPORT
medication_dose_change,medication dose change,antihypertensive_therapy,antihypertensive therapy,true,QUALIFY_V31,SUPPORT
blood_pressure_result,blood pressure result,documented_fall,documented fall,true,QUALIFY_V31,CONTEXT
blood_pressure_result,blood pressure result,linked_treatment_interval,linked treatment interval,true,QUALIFY_V31,CONTEXT
urine_protein_result,urine protein result,abnormal,abnormal,true,QUALIFY_AA21,SUPPORT
nephrotic_range_proteinuria,Nephrotic-range proteinuria,abnormal,abnormal,true,QUALIFY_AA21,SUPPORT
nephrotic_syndrome,Nephrotic syndrome,abnormal,abnormal,true,QUALIFY_AA21,SUPPORT
renal_dysfunction,renal dysfunction,abnormal,abnormal,true,QUALIFY_AA21,SUPPORT
creatinine_result,creatinine result,abnormal,abnormal,true,QUALIFY_AA21,SUPPORT
egfr_result,egfr result,abnormal,abnormal,true,QUALIFY_AA21,SUPPORT
renal_differential_assessment,renal differential assessment,common_causes_assessed,common causes assessed,true,QUALIFY_AA21,CONTEXT
renal_differential_assessment,renal differential assessment,common_causes_insufficient,common causes insufficient,true,QUALIFY_AA21,CONTEXT
renal_differential_assessment,renal differential assessment,linked_renal_findings,linked renal findings,true,QUALIFY_AA21,CONTEXT
thick_walls,Unexplained left-ventricular wall thickness / LVH,otherwise_unexplained,otherwise unexplained,true,QUALIFY_INTEGRATED_CARDIAC,SUPPORT
thick_walls,Unexplained left-ventricular wall thickness / LVH,obtained_before_amyloid_suspicion,obtained before amyloid suspicion,true,QUALIFY_INTEGRATED_CARDIAC,SUPPORT
restrictive_cardiomyopathy,restrictive cardiomyopathy,otherwise_unexplained,otherwise unexplained,true,QUALIFY_INTEGRATED_CARDIAC,SUPPORT
restrictive_cardiomyopathy,restrictive cardiomyopathy,obtained_before_amyloid_suspicion,obtained before amyloid suspicion,true,QUALIFY_INTEGRATED_CARDIAC,SUPPORT
cardiomyopathy,cardiomyopathy,otherwise_unexplained,otherwise unexplained,true,QUALIFY_INTEGRATED_CARDIAC,SUPPORT
cardiomyopathy,cardiomyopathy,obtained_before_amyloid_suspicion,obtained before amyloid suspicion,true,QUALIFY_INTEGRATED_CARDIAC,SUPPORT
voltage_mass_mismatch,Low ECG voltage relative to LV mass,integrated_discordance_or_pseudoinfarction,integrated discordance or pseudoinfarction,true,QUALIFY_INTEGRATED_CARDIAC,SUPPORT
pseudo_infarct,Pseudo-infarction Q waves,integrated_discordance_or_pseudoinfarction,integrated discordance or pseudoinfarction,true,QUALIFY_INTEGRATED_CARDIAC,SUPPORT
bnp_result,bnp result,elevated,elevated,true,QUALIFY_INTEGRATED_CARDIAC,SUPPORT
bnp_result,bnp result,disproportionate_to_clinical_context,disproportionate to clinical context,true,QUALIFY_INTEGRATED_CARDIAC,SUPPORT
ntprobnp_result,ntprobnp result,elevated,elevated,true,QUALIFY_INTEGRATED_CARDIAC,SUPPORT
ntprobnp_result,ntprobnp result,disproportionate_to_clinical_context,disproportionate to clinical context,true,QUALIFY_INTEGRATED_CARDIAC,SUPPORT
troponin_result,troponin result,elevated,elevated,true,QUALIFY_INTEGRATED_CARDIAC,SUPPORT
troponin_result,troponin result,disproportionate_to_clinical_context,disproportionate to clinical context,true,QUALIFY_INTEGRATED_CARDIAC,SUPPORT
polyneuropathy,Polyneuropathy / peripheral neuropathy,progressive,progressive,true,QUALIFY_PROGRESSIVE_AXONAL_NEUROPATHY,SUPPORT
polyneuropathy,Polyneuropathy / peripheral neuropathy,axonal,axonal,true,QUALIFY_PROGRESSIVE_AXONAL_NEUROPATHY,SUPPORT
polyneuropathy,Polyneuropathy / peripheral neuropathy,otherwise_unexplained,otherwise unexplained,true,QUALIFY_PROGRESSIVE_AXONAL_NEUROPATHY,SUPPORT
polyneuropathy,Polyneuropathy / peripheral neuropathy,symmetric_sensorimotor_or_sensory_loss,symmetric sensorimotor or sensory loss,true,QUALIFY_PROGRESSIVE_AXONAL_NEUROPATHY,SUPPORT
polyneuropathy,Polyneuropathy / peripheral neuropathy,axonal,axonal,true,QUAL_PROGRESSIVE_AXONAL_NEUROPATHY,SUPPORT
polyneuropathy,Polyneuropathy / peripheral neuropathy,length_dependent,length dependent,true,QUAL_PROGRESSIVE_AXONAL_NEUROPATHY,SUPPORT
polyneuropathy,Polyneuropathy / peripheral neuropathy,progressive,progressive,true,QUAL_PROGRESSIVE_AXONAL_NEUROPATHY,SUPPORT
polyneuropathy,Polyneuropathy / peripheral neuropathy,sensorimotor,sensorimotor,true,QUAL_PROGRESSIVE_AXONAL_NEUROPATHY,SUPPORT
cidp,Chronic inflammatory demyelinating polyneuropathy,linked_immunotherapy_poor_response,linked immunotherapy poor response,true,QUAL_CIDP_LINKED_POOR_RESPONSE,SUPPORT
immunotherapy_exposure,immunotherapy exposure,linked_immunotherapy_poor_response,linked immunotherapy poor response,true,QUAL_CIDP_LINKED_POOR_RESPONSE,SUPPORT
treatment_response_assessment,treatment response assessment,linked_immunotherapy_poor_response,linked immunotherapy poor response,true,QUAL_CIDP_LINKED_POOR_RESPONSE,SUPPORT
microalbuminuria,Microalbuminuria / low-grade albuminuria,persistent,persistent,true,QUAL_PERSISTENT_ALBUMINURIA_PRIOR_CARRIER,SUPPORT
ttr_pathogenic_variant,Pathogenic or likely pathogenic TTR variant in the patient,pathogenic_or_likely_pathogenic,pathogenic or likely pathogenic,true,QUAL_PERSISTENT_ALBUMINURIA_PRIOR_CARRIER,CONTEXT
ttr_pathogenic_variant,Pathogenic or likely pathogenic TTR variant in the patient,prior_known,prior known,true,QUAL_PERSISTENT_ALBUMINURIA_PRIOR_CARRIER,CONTEXT
nfl_result,nfl result,carrier_or_neuropathy_monitoring_indication,carrier or neuropathy monitoring indication,true,QUAL_DOCUMENTED_NFL_RISE,SUPPORT
nfl_result,nfl result,documented_rise,documented rise,true,QUAL_DOCUMENTED_NFL_RISE,SUPPORT
nfl_result,nfl result,prior_known,prior known,true,QUAL_DOCUMENTED_NFL_RISE,SUPPORT
urine_protein_result,urine protein result,abnormal,abnormal,true,QUAL_PROTEINURIA_PERSISTENCE_AND_CHANGE,SUPPORT
urine_protein_result,urine protein result,new_or_progressive,new or progressive,true,QUAL_PROTEINURIA_PERSISTENCE_AND_CHANGE,SUPPORT
urine_protein_result,urine protein result,persistent,persistent,true,QUAL_PROTEINURIA_PERSISTENCE_AND_CHANGE,SUPPORT
other_serosal_effusion,other serosal effusion,otherwise_unexplained,otherwise unexplained,true,QUAL_RECURRENT_UNEXPLAINED_EFFUSION,SUPPORT
other_serosal_effusion,other serosal effusion,recurrent,recurrent,true,QUAL_RECURRENT_UNEXPLAINED_EFFUSION,SUPPORT
pericardial_effusion,Pericardial effusion,otherwise_unexplained,otherwise unexplained,true,QUAL_RECURRENT_UNEXPLAINED_EFFUSION,SUPPORT
pericardial_effusion,Pericardial effusion,recurrent,recurrent,true,QUAL_RECURRENT_UNEXPLAINED_EFFUSION,SUPPORT
inflammatory_control_assessment,inflammatory control assessment,delayed_fmf_diagnosis,delayed fmf diagnosis,true,QUAL_INADEQUATE_FMF_CONTROL,SUPPORT
inflammatory_control_assessment,inflammatory control assessment,documented_inadequate_fmf_control,documented inadequate fmf control,true,QUAL_INADEQUATE_FMF_CONTROL,SUPPORT
inflammatory_control_assessment,inflammatory control assessment,poor_colchicine_adherence,poor colchicine adherence,true,QUAL_INADEQUATE_FMF_CONTROL,SUPPORT
crp_result,crp result,elevated,elevated,true,QUAL_PERSISTENT_INFLAMMATORY_MARKERS,SUPPORT
crp_result,crp result,persistent_or_recurrent,persistent or recurrent,true,QUAL_PERSISTENT_INFLAMMATORY_MARKERS,SUPPORT
esr_result,esr result,elevated,elevated,true,QUAL_PERSISTENT_INFLAMMATORY_MARKERS,SUPPORT
esr_result,esr result,persistent_or_recurrent,persistent or recurrent,true,QUAL_PERSISTENT_INFLAMMATORY_MARKERS,SUPPORT
saa_result,saa result,elevated,elevated,true,QUAL_PERSISTENT_ROUTINE_SAA,SUPPORT
saa_result,saa result,persistent,persistent,true,QUAL_PERSISTENT_ROUTINE_SAA,SUPPORT
saa_result,saa result,routine_inflammatory_monitoring,routine inflammatory monitoring,true,QUAL_PERSISTENT_ROUTINE_SAA,SUPPORT
inflammatory_flare,inflammatory flare,linked_precursor_disease,linked precursor disease,true,QUAL_RECURRENT_FLARES_OR_POOR_CONTROL,SUPPORT
inflammatory_flare,inflammatory flare,recurrent_flares_or_persistent_poor_control,recurrent flares or persistent poor control,true,QUAL_RECURRENT_FLARES_OR_POOR_CONTROL,SUPPORT
inflammatory_control_assessment,inflammatory control assessment,linked_precursor_disease,linked precursor disease,true,QUAL_RECURRENT_FLARES_OR_POOR_CONTROL,SUPPORT
inflammatory_control_assessment,inflammatory control assessment,recurrent_flares_or_persistent_poor_control,recurrent flares or persistent poor control,true,QUAL_RECURRENT_FLARES_OR_POOR_CONTROL,SUPPORT
creatinine_result,creatinine result,documented_rise,documented rise,true,QUAL_RENAL_FUNCTION_DECLINE_OR_FAILURE,SUPPORT
egfr_result,egfr result,documented_fall,documented fall,true,QUAL_RENAL_FUNCTION_DECLINE_OR_FAILURE,SUPPORT
chronic_inflammatory_arthritis,Chronic inflammatory joint disease,established_chronic_inflammatory_driver,established chronic inflammatory driver,true,WB_AA_AA25,SUPPORT
fmf,Familial Mediterranean fever / periodic fever syndrome,established_chronic_inflammatory_driver,established chronic inflammatory driver,true,WB_AA_AA25,SUPPORT
autoinflammatory_syndrome,Other chronic autoinflammatory syndrome,established_chronic_inflammatory_driver,established chronic inflammatory driver,true,WB_AA_AA25,SUPPORT
ibd_inflammatory_driver,Inflammatory bowel disease,established_chronic_inflammatory_driver,established chronic inflammatory driver,true,WB_AA_AA25,SUPPORT
chronic_infection,Chronic or active infection,established_chronic_inflammatory_driver,established chronic inflammatory driver,true,WB_AA_AA25,SUPPORT
bronchiectasis,bronchiectasis,established_chronic_inflammatory_driver,established chronic inflammatory driver,true,WB_AA_AA25,SUPPORT
skin_soft_tissue_infection,skin soft tissue infection,established_chronic_inflammatory_driver,established chronic inflammatory driver,true,WB_AA_AA25,SUPPORT
abscess,abscess,established_chronic_inflammatory_driver,established chronic inflammatory driver,true,WB_AA_AA25,SUPPORT
chronic_wound,chronic wound,established_chronic_inflammatory_driver,established chronic inflammatory driver,true,WB_AA_AA25,SUPPORT
castleman_disease,castleman disease,established_chronic_inflammatory_driver,established chronic inflammatory driver,true,WB_AA_AA25,SUPPORT
renal_cell_carcinoma,renal cell carcinoma,established_chronic_inflammatory_driver,established chronic inflammatory driver,true,WB_AA_AA25,SUPPORT
hfpef,Heart failure with preserved ejection fraction,otherwise_unexplained,otherwise unexplained,true,WB_AA_AA25,SUPPORT
conduction_disease,"AV block, bundle-branch block, or sinus-node disease",otherwise_unexplained,otherwise unexplained,true,WB_AA_AA25,SUPPORT
fmf,Familial Mediterranean fever / periodic fever syndrome,established_diagnosis,established diagnosis,true,WB_AA_AA26,SUPPORT
urine_protein_result,urine protein result,abnormal,abnormal,true,WB_AA_AA26,SUPPORT
renal_differential_assessment,renal differential assessment,alternative_renal_cause_possible,alternative renal cause possible,true,WB_AA_AA26,CONTEXT
chronic_inflammatory_arthritis,Chronic inflammatory joint disease,established_chronic_inflammatory_driver,established chronic inflammatory driver,true,WB_AA_AA27,SUPPORT
fmf,Familial Mediterranean fever / periodic fever syndrome,established_chronic_inflammatory_driver,established chronic inflammatory driver,true,WB_AA_AA27,SUPPORT
autoinflammatory_syndrome,Other chronic autoinflammatory syndrome,established_chronic_inflammatory_driver,established chronic inflammatory driver,true,WB_AA_AA27,SUPPORT
ibd_inflammatory_driver,Inflammatory bowel disease,established_chronic_inflammatory_driver,established chronic inflammatory driver,true,WB_AA_AA27,SUPPORT
chronic_infection,Chronic or active infection,established_chronic_inflammatory_driver,established chronic inflammatory driver,true,WB_AA_AA27,SUPPORT
bronchiectasis,bronchiectasis,established_chronic_inflammatory_driver,established chronic inflammatory driver,true,WB_AA_AA27,SUPPORT
skin_soft_tissue_infection,skin soft tissue infection,established_chronic_inflammatory_driver,established chronic inflammatory driver,true,WB_AA_AA27,SUPPORT
abscess,abscess,established_chronic_inflammatory_driver,established chronic inflammatory driver,true,WB_AA_AA27,SUPPORT
chronic_wound,chronic wound,established_chronic_inflammatory_driver,established chronic inflammatory driver,true,WB_AA_AA27,SUPPORT
castleman_disease,castleman disease,established_chronic_inflammatory_driver,established chronic inflammatory driver,true,WB_AA_AA27,SUPPORT
renal_cell_carcinoma,renal cell carcinoma,established_chronic_inflammatory_driver,established chronic inflammatory driver,true,WB_AA_AA27,SUPPORT
urine_sediment_result,urine sediment result,active_sediment_hematuria_or_leukocyturia,active sediment hematuria or leukocyturia,true,WB_AA_AA27,SUPPORT
mgus,Monoclonal gammopathy of undetermined significance,established_clonal_finding,established clonal finding,true,WB_AA_AA28,SUPPORT
mgus,Monoclonal gammopathy of undetermined significance,prior_known,prior known,true,WB_AA_AA28,SUPPORT
plasma_cell_dyscrasia,Plasma-cell dyscrasia / myeloma,established_clonal_finding,established clonal finding,true,WB_AA_AA28,SUPPORT
plasma_cell_dyscrasia,Plasma-cell dyscrasia / myeloma,prior_known,prior known,true,WB_AA_AA28,SUPPORT
monoclonal_study_result,monoclonal study result,established_clonal_finding,established clonal finding,true,WB_AA_AA28,SUPPORT
monoclonal_study_result,monoclonal study result,prior_known,prior known,true,WB_AA_AA28,SUPPORT
urine_protein_result,urine protein result,otherwise_unexplained,otherwise unexplained,true,WB_AA_AA28,SUPPORT
nephrotic_syndrome,Nephrotic syndrome,otherwise_unexplained,otherwise unexplained,true,WB_AA_AA28,SUPPORT
renal_dysfunction,renal dysfunction,otherwise_unexplained,otherwise unexplained,true,WB_AA_AA28,SUPPORT
clinical_history_assessment,clinical history assessment,assessment_complete,assessment complete,true,WB_AA_AA28,SUPPORT
clinical_history_assessment,clinical history assessment,unexplained_multisystem_presentation,unexplained multisystem presentation,true,WB_AA_AA28,SUPPORT
lumbar_stenosis,Lumbar spinal stenosis,documented_stenosis_indication,documented stenosis indication,true,WB_AA_AA29,SUPPORT
lumbar_decompression,lumbar decompression,documented_stenosis_indication,documented stenosis indication,true,WB_AA_AA29,SUPPORT
biceps_rupture,"Spontaneous distal biceps tendon rupture (""Popeye sign"")",spontaneous_or_trivial_trauma,spontaneous or trivial trauma,true,WB_AA_AA29,SUPPORT
hf_any,Heart failure (any),otherwise_unexplained,otherwise unexplained,true,WB_AA_AA29,SUPPORT
hfpef,Heart failure with preserved ejection fraction,otherwise_unexplained,otherwise unexplained,true,WB_AA_AA29,SUPPORT
thick_walls,Unexplained left-ventricular wall thickness / LVH,otherwise_unexplained,otherwise unexplained,true,WB_AA_AA29,SUPPORT
cardiomyopathy,cardiomyopathy,otherwise_unexplained,otherwise unexplained,true,WB_AA_AA29,SUPPORT
conduction_disease,"AV block, bundle-branch block, or sinus-node disease",otherwise_unexplained,otherwise unexplained,true,WB_AA_AA29,SUPPORT
af,Atrial fibrillation or flutter,otherwise_unexplained,otherwise unexplained,true,WB_AA_AA29,SUPPORT
clinical_history_assessment,clinical history assessment,assessment_complete,assessment complete,true,WB_AA_AA29,CONTEXT
clinical_history_assessment,clinical history assessment,orthopedic_history_precedes_cardiac,orthopedic history precedes cardiac,true,WB_AA_AA29,CONTEXT
urine_protein_result,urine protein result,otherwise_unexplained,otherwise unexplained,true,WB_AA_AA30,SUPPORT
nephrotic_range_proteinuria,Nephrotic-range proteinuria,otherwise_unexplained,otherwise unexplained,true,WB_AA_AA30,SUPPORT
nephrotic_syndrome,Nephrotic syndrome,otherwise_unexplained,otherwise unexplained,true,WB_AA_AA30,SUPPORT
renal_dysfunction,renal dysfunction,otherwise_unexplained,otherwise unexplained,true,WB_AA_AA30,SUPPORT
clinical_history_assessment,clinical history assessment,assessment_complete,assessment complete,true,WB_AA_AA30,CONTEXT
clinical_history_assessment,clinical history assessment,chronic_inflammatory_driver_assessed_absent,chronic inflammatory driver assessed absent,true,WB_AA_AA30,CONTEXT
cts_bilateral,Bilateral carpal tunnel syndrome,documented_years_before_cardiac,documented years before cardiac,true,WB_AL_AL22,SUPPORT
cts_bilateral,Bilateral carpal tunnel syndrome,precedes_linked_cardiac_presentation,precedes linked cardiac presentation,true,WB_AL_AL22,SUPPORT
cts_recurrent,Recurrent / revision carpal tunnel syndrome,documented_years_before_cardiac,documented years before cardiac,true,WB_AL_AL22,SUPPORT
cts_recurrent,Recurrent / revision carpal tunnel syndrome,precedes_linked_cardiac_presentation,precedes linked cardiac presentation,true,WB_AL_AL22,SUPPORT
hf_any,Heart failure (any),otherwise_unexplained,otherwise unexplained,true,WB_AL_AL22,SUPPORT
hfpef,Heart failure with preserved ejection fraction,otherwise_unexplained,otherwise unexplained,true,WB_AL_AL22,SUPPORT
thick_walls,Unexplained left-ventricular wall thickness / LVH,otherwise_unexplained,otherwise unexplained,true,WB_AL_AL22,SUPPORT
cardiomyopathy,cardiomyopathy,otherwise_unexplained,otherwise unexplained,true,WB_AL_AL22,SUPPORT
conduction_disease,"AV block, bundle-branch block, or sinus-node disease",otherwise_unexplained,otherwise unexplained,true,WB_AL_AL22,SUPPORT
af,Atrial fibrillation or flutter,otherwise_unexplained,otherwise unexplained,true,WB_AL_AL22,SUPPORT
lumbar_stenosis,Lumbar spinal stenosis,long_pre_cardiac_history,long pre cardiac history,true,WB_AL_AL23,SUPPORT
lumbar_decompression,lumbar decompression,documented_stenosis_indication,documented stenosis indication,true,WB_AL_AL23,SUPPORT
lumbar_decompression,lumbar decompression,long_pre_cardiac_history,long pre cardiac history,true,WB_AL_AL23,SUPPORT
biceps_rupture,"Spontaneous distal biceps tendon rupture (""Popeye sign"")",distal_site,distal site,true,WB_AL_AL23,SUPPORT
biceps_rupture,"Spontaneous distal biceps tendon rupture (""Popeye sign"")",long_pre_cardiac_history,long pre cardiac history,true,WB_AL_AL23,SUPPORT
cts_bilateral,Bilateral carpal tunnel syndrome,long_pre_cardiac_history,long pre cardiac history,true,WB_AL_AL23,SUPPORT
cts_recurrent,Recurrent / revision carpal tunnel syndrome,long_pre_cardiac_history,long pre cardiac history,true,WB_AL_AL23,SUPPORT
ctr_any,Carpal tunnel release procedure (any technique),long_pre_cardiac_history,long pre cardiac history,true,WB_AL_AL23,SUPPORT
trigger_finger,Trigger finger / stenosing tenosynovitis,long_pre_cardiac_history,long pre cardiac history,true,WB_AL_AL23,SUPPORT
trigger_release,trigger release,long_pre_cardiac_history,long pre cardiac history,true,WB_AL_AL23,SUPPORT
hf_any,Heart failure (any),otherwise_unexplained,otherwise unexplained,true,WB_AL_AL23,SUPPORT
hfpef,Heart failure with preserved ejection fraction,otherwise_unexplained,otherwise unexplained,true,WB_AL_AL23,SUPPORT
thick_walls,Unexplained left-ventricular wall thickness / LVH,otherwise_unexplained,otherwise unexplained,true,WB_AL_AL23,SUPPORT
cardiomyopathy,cardiomyopathy,otherwise_unexplained,otherwise unexplained,true,WB_AL_AL23,SUPPORT
conduction_disease,"AV block, bundle-branch block, or sinus-node disease",otherwise_unexplained,otherwise unexplained,true,WB_AL_AL23,SUPPORT
af,Atrial fibrillation or flutter,otherwise_unexplained,otherwise unexplained,true,WB_AL_AL23,SUPPORT
chronic_inflammatory_arthritis,Chronic inflammatory joint disease,established_chronic_inflammatory_driver,established chronic inflammatory driver,true,WB_AL_AL25,SUPPORT
fmf,Familial Mediterranean fever / periodic fever syndrome,established_chronic_inflammatory_driver,established chronic inflammatory driver,true,WB_AL_AL25,SUPPORT
autoinflammatory_syndrome,Other chronic autoinflammatory syndrome,established_chronic_inflammatory_driver,established chronic inflammatory driver,true,WB_AL_AL25,SUPPORT
ibd_inflammatory_driver,Inflammatory bowel disease,established_chronic_inflammatory_driver,established chronic inflammatory driver,true,WB_AL_AL25,SUPPORT
chronic_infection,Chronic or active infection,established_chronic_inflammatory_driver,established chronic inflammatory driver,true,WB_AL_AL25,SUPPORT
bronchiectasis,bronchiectasis,established_chronic_inflammatory_driver,established chronic inflammatory driver,true,WB_AL_AL25,SUPPORT
skin_soft_tissue_infection,skin soft tissue infection,established_chronic_inflammatory_driver,established chronic inflammatory driver,true,WB_AL_AL25,SUPPORT
abscess,abscess,established_chronic_inflammatory_driver,established chronic inflammatory driver,true,WB_AL_AL25,SUPPORT
chronic_wound,chronic wound,established_chronic_inflammatory_driver,established chronic inflammatory driver,true,WB_AL_AL25,SUPPORT
castleman_disease,castleman disease,established_chronic_inflammatory_driver,established chronic inflammatory driver,true,WB_AL_AL25,SUPPORT
renal_cell_carcinoma,renal cell carcinoma,established_chronic_inflammatory_driver,established chronic inflammatory driver,true,WB_AL_AL25,SUPPORT
urine_protein_result,urine protein result,abnormal,abnormal,true,WB_AL_AL25,SUPPORT
urine_protein_result,urine protein result,new,new,true,WB_AL_AL25,SUPPORT
urine_protein_result,urine protein result,persistent,persistent,true,WB_AL_AL25,SUPPORT
nephrotic_range_proteinuria,Nephrotic-range proteinuria,new,new,true,WB_AL_AL25,SUPPORT
nephrotic_range_proteinuria,Nephrotic-range proteinuria,persistent,persistent,true,WB_AL_AL25,SUPPORT
nephrotic_syndrome,Nephrotic syndrome,new,new,true,WB_AL_AL25,SUPPORT
nephrotic_syndrome,Nephrotic syndrome,persistent,persistent,true,WB_AL_AL25,SUPPORT
hf_any,Heart failure (any),otherwise_unexplained,otherwise unexplained,true,WB_AL_AL30,SUPPORT
hfpef,Heart failure with preserved ejection fraction,otherwise_unexplained,otherwise unexplained,true,WB_AL_AL30,SUPPORT
thick_walls,Unexplained left-ventricular wall thickness / LVH,otherwise_unexplained,otherwise unexplained,true,WB_AL_AL30,SUPPORT
cardiomyopathy,cardiomyopathy,otherwise_unexplained,otherwise unexplained,true,WB_AL_AL30,SUPPORT
clinical_history_assessment,clinical history assessment,assessment_complete,assessment complete,true,WB_AL_AL30,CONTEXT
clinical_history_assessment,clinical history assessment,little_renal_gi_clonal_evidence,little renal gi clonal evidence,true,WB_AL_AL30,CONTEXT
age_at_observation,age at observation,documented_older_adult,documented older adult,true,WB_AL_AL30,CONTEXT
sfn,Small-fiber neuropathy,painful,painful,true,WB_AL_AL31,SUPPORT
polyneuropathy,Polyneuropathy / peripheral neuropathy,length_dependent,length dependent,true,WB_AL_AL31,SUPPORT
polyneuropathy,Polyneuropathy / peripheral neuropathy,painful,painful,true,WB_AL_AL31,SUPPORT
neuropathic_pain,"Neuropathic pain (burning feet, dysesthesia, allodynia)",small_fiber_distribution,small fiber distribution,true,WB_AL_AL31,SUPPORT
dysautonomia,Autonomic dysfunction / dysautonomia,early,early,true,WB_AL_AL31,SUPPORT
dysautonomia,Autonomic dysfunction / dysautonomia,marked,marked,true,WB_AL_AL31,SUPPORT
orthostatic,Orthostatic hypotension,early,early,true,WB_AL_AL31,SUPPORT
orthostatic,Orthostatic hypotension,marked,marked,true,WB_AL_AL31,SUPPORT
gi_dysmotility,Unexplained gastrointestinal dysmotility,early,early,true,WB_AL_AL31,SUPPORT
gi_dysmotility,Unexplained gastrointestinal dysmotility,marked_and_unexplained,marked and unexplained,true,WB_AL_AL31,SUPPORT
diarrhea,diarrhea,early,early,true,WB_AL_AL31,SUPPORT
diarrhea,diarrhea,marked_and_unexplained,marked and unexplained,true,WB_AL_AL31,SUPPORT
constipation,constipation,early,early,true,WB_AL_AL31,SUPPORT
constipation,constipation,marked_and_unexplained,marked and unexplained,true,WB_AL_AL31,SUPPORT
gastroparesis,Gastroparesis / delayed gastric emptying,early,early,true,WB_AL_AL31,SUPPORT
gastroparesis,Gastroparesis / delayed gastric emptying,marked_and_unexplained,marked and unexplained,true,WB_AL_AL31,SUPPORT
lflg_as,Low-flow low-gradient aortic stenosis,qualified_low_flow_low_gradient_as,qualified low flow low gradient as,true,WB_ATTRv_V32,SUPPORT
biceps_rupture,"Spontaneous distal biceps tendon rupture (""Popeye sign"")",orthopedic_prodrome,orthopedic prodrome,true,WB_ATTRv_V33,SUPPORT
rotator_cuff,Rotator cuff tear / repair,orthopedic_prodrome,orthopedic prodrome,true,WB_ATTRv_V33,SUPPORT
trigger_finger,Trigger finger / stenosing tenosynovitis,orthopedic_prodrome,orthopedic prodrome,true,WB_ATTRv_V33,SUPPORT
clinical_history_assessment,clinical history assessment,assessment_complete,assessment complete,true,WB_ATTRv_V33,CONTEXT
clinical_history_assessment,clinical history assessment,isolated_orthopedic_presentation,isolated orthopedic presentation,true,WB_ATTRv_V33,CONTEXT
diabetes,diabetes,mild_or_well_controlled,mild or well controlled,true,WB_ATTRv_V37,CONTEXT
polyneuropathy,Polyneuropathy / peripheral neuropathy,disproportionate_to_diabetes,disproportionate to diabetes,true,WB_ATTRv_V37,SUPPORT
polyneuropathy,Polyneuropathy / peripheral neuropathy,severe_rapid_or_sensory_ataxic,severe rapid or sensory ataxic,true,WB_ATTRv_V37,SUPPORT
autoimmune_disease,autoimmune disease,active,active,true,WB_ATTRv_V38,CONTEXT
autoantibody_result,autoantibody result,clinically_relevant_positive,clinically relevant positive,true,WB_ATTRv_V38,CONTEXT
polyneuropathy,Polyneuropathy / peripheral neuropathy,convincing_inflammatory_demyelinating_pattern,convincing inflammatory demyelinating pattern,true,WB_ATTRv_V38,SUPPORT
cidp,Chronic inflammatory demyelinating polyneuropathy,convincing_inflammatory_demyelinating_pattern,convincing inflammatory demyelinating pattern,true,WB_ATTRv_V38,SUPPORT
macroglossia,Macroglossia / acquired tongue enlargement,acquired,acquired,true,WB_ATTRv_V39,SUPPORT
nephrotic_syndrome,Nephrotic syndrome,otherwise_unexplained,otherwise unexplained,true,WB_ATTRv_V39,SUPPORT
nephrotic_range_proteinuria,Nephrotic-range proteinuria,otherwise_unexplained,otherwise unexplained,true,WB_ATTRv_V39,SUPPORT
mgus,Monoclonal gammopathy of undetermined significance,established_clonal_finding,established clonal finding,true,WB_ATTRv_V39,SUPPORT
mgus,Monoclonal gammopathy of undetermined significance,prior_known,prior known,true,WB_ATTRv_V39,SUPPORT
plasma_cell_dyscrasia,Plasma-cell dyscrasia / myeloma,established_clonal_finding,established clonal finding,true,WB_ATTRv_V39,SUPPORT
plasma_cell_dyscrasia,Plasma-cell dyscrasia / myeloma,prior_known,prior known,true,WB_ATTRv_V39,SUPPORT
monoclonal_study_result,monoclonal study result,established_clonal_finding,established clonal finding,true,WB_ATTRv_V39,SUPPORT
monoclonal_study_result,monoclonal study result,prior_known,prior known,true,WB_ATTRv_V39,SUPPORT
chronic_inflammatory_arthritis,Chronic inflammatory joint disease,established_chronic_inflammatory_driver,established chronic inflammatory driver,true,WB_ATTRv_V40,SUPPORT
fmf,Familial Mediterranean fever / periodic fever syndrome,established_chronic_inflammatory_driver,established chronic inflammatory driver,true,WB_ATTRv_V40,SUPPORT
autoinflammatory_syndrome,Other chronic autoinflammatory syndrome,established_chronic_inflammatory_driver,established chronic inflammatory driver,true,WB_ATTRv_V40,SUPPORT
ibd_inflammatory_driver,Inflammatory bowel disease,established_chronic_inflammatory_driver,established chronic inflammatory driver,true,WB_ATTRv_V40,SUPPORT
chronic_infection,Chronic or active infection,established_chronic_inflammatory_driver,established chronic inflammatory driver,true,WB_ATTRv_V40,SUPPORT
bronchiectasis,bronchiectasis,established_chronic_inflammatory_driver,established chronic inflammatory driver,true,WB_ATTRv_V40,SUPPORT
skin_soft_tissue_infection,skin soft tissue infection,established_chronic_inflammatory_driver,established chronic inflammatory driver,true,WB_ATTRv_V40,SUPPORT
abscess,abscess,established_chronic_inflammatory_driver,established chronic inflammatory driver,true,WB_ATTRv_V40,SUPPORT
chronic_wound,chronic wound,established_chronic_inflammatory_driver,established chronic inflammatory driver,true,WB_ATTRv_V40,SUPPORT
castleman_disease,castleman disease,established_chronic_inflammatory_driver,established chronic inflammatory driver,true,WB_ATTRv_V40,SUPPORT
renal_cell_carcinoma,renal cell carcinoma,established_chronic_inflammatory_driver,established chronic inflammatory driver,true,WB_ATTRv_V40,SUPPORT
urine_protein_result,urine protein result,abnormal,abnormal,true,WB_ATTRv_V40,SUPPORT
urine_protein_result,urine protein result,new,new,true,WB_ATTRv_V40,SUPPORT
urine_protein_result,urine protein result,persistent,persistent,true,WB_ATTRv_V40,SUPPORT
nephrotic_range_proteinuria,Nephrotic-range proteinuria,new,new,true,WB_ATTRv_V40,SUPPORT
nephrotic_range_proteinuria,Nephrotic-range proteinuria,persistent,persistent,true,WB_ATTRv_V40,SUPPORT
nephrotic_syndrome,Nephrotic syndrome,new,new,true,WB_ATTRv_V40,SUPPORT
nephrotic_syndrome,Nephrotic syndrome,persistent,persistent,true,WB_ATTRv_V40,SUPPORT
hf_any,Heart failure (any),otherwise_unexplained,otherwise unexplained,true,WB_ATTRv_V41,SUPPORT
hfpef,Heart failure with preserved ejection fraction,otherwise_unexplained,otherwise unexplained,true,WB_ATTRv_V41,SUPPORT
thick_walls,Unexplained left-ventricular wall thickness / LVH,otherwise_unexplained,otherwise unexplained,true,WB_ATTRv_V41,SUPPORT
cardiomyopathy,cardiomyopathy,otherwise_unexplained,otherwise unexplained,true,WB_ATTRv_V41,SUPPORT
conduction_disease,"AV block, bundle-branch block, or sinus-node disease",otherwise_unexplained,otherwise unexplained,true,WB_ATTRv_V41,SUPPORT
af,Atrial fibrillation or flutter,otherwise_unexplained,otherwise unexplained,true,WB_ATTRv_V41,SUPPORT
lumbar_stenosis,Lumbar spinal stenosis,documented_stenosis_indication,documented stenosis indication,true,WB_ATTRv_V41,SUPPORT
lumbar_decompression,lumbar decompression,documented_stenosis_indication,documented stenosis indication,true,WB_ATTRv_V41,SUPPORT
biceps_rupture,"Spontaneous distal biceps tendon rupture (""Popeye sign"")",spontaneous_or_trivial_trauma,spontaneous or trivial trauma,true,WB_ATTRv_V41,SUPPORT
age_at_observation,age at observation,documented_older_adult,documented older adult,true,WB_ATTRv_V41,CONTEXT
clinical_history_assessment,clinical history assessment,assessment_complete,assessment complete,true,WB_ATTRv_V41,CONTEXT
clinical_history_assessment,clinical history assessment,documented_long_orthopedic_history,documented long orthopedic history,true,WB_ATTRv_V41,CONTEXT
clinical_history_assessment,clinical history assessment,little_neuropathy_or_autonomic_involvement,little neuropathy or autonomic involvement,true,WB_ATTRv_V41,CONTEXT
clinical_history_assessment,clinical history assessment,orthopedic_history_precedes_cardiac,orthopedic history precedes cardiac,true,WB_ATTRv_V41,CONTEXT
hf_any,Heart failure (any),otherwise_unexplained,otherwise unexplained,true,WB_ATTRwt_WT22,SUPPORT
hfpef,Heart failure with preserved ejection fraction,otherwise_unexplained,otherwise unexplained,true,WB_ATTRwt_WT22,SUPPORT
thick_walls,Unexplained left-ventricular wall thickness / LVH,otherwise_unexplained,otherwise unexplained,true,WB_ATTRwt_WT22,SUPPORT
cardiomyopathy,cardiomyopathy,otherwise_unexplained,otherwise unexplained,true,WB_ATTRwt_WT22,SUPPORT
conduction_disease,"AV block, bundle-branch block, or sinus-node disease",otherwise_unexplained,otherwise unexplained,true,WB_ATTRwt_WT22,SUPPORT
af,Atrial fibrillation or flutter,otherwise_unexplained,otherwise unexplained,true,WB_ATTRwt_WT22,SUPPORT
lumbar_stenosis,Lumbar spinal stenosis,documented_stenosis_indication,documented stenosis indication,true,WB_ATTRwt_WT22,SUPPORT
lumbar_decompression,lumbar decompression,documented_stenosis_indication,documented stenosis indication,true,WB_ATTRwt_WT22,SUPPORT
biceps_rupture,"Spontaneous distal biceps tendon rupture (""Popeye sign"")",spontaneous_or_trivial_trauma,spontaneous or trivial trauma,true,WB_ATTRwt_WT22,SUPPORT
polyneuropathy,Polyneuropathy / peripheral neuropathy,length_dependent,length dependent,true,WB_ATTRwt_WT22,SUPPORT
polyneuropathy,Polyneuropathy / peripheral neuropathy,mild_or_moderate,mild or moderate,true,WB_ATTRwt_WT22,SUPPORT
polyneuropathy,Polyneuropathy / peripheral neuropathy,sensory_involvement,sensory involvement,true,WB_ATTRwt_WT22,SUPPORT
sensory_loss,sensory loss,length_dependent,length dependent,true,WB_ATTRwt_WT22,SUPPORT
sensory_loss,sensory loss,mild_or_moderate,mild or moderate,true,WB_ATTRwt_WT22,SUPPORT
clinical_history_assessment,clinical history assessment,assessment_complete,assessment complete,true,WB_ATTRwt_WT22,CONTEXT
clinical_history_assessment,clinical history assessment,hereditary_red_flags_assessed_absent,hereditary red flags assessed absent,true,WB_ATTRwt_WT22,CONTEXT
recorded_sex,recorded sex,value,value,"""FEMALE""",WB_ATTRwt_WT24,CONTEXT
hf_any,Heart failure (any),otherwise_unexplained,otherwise unexplained,true,WB_ATTRwt_WT24,SUPPORT
hfpef,Heart failure with preserved ejection fraction,otherwise_unexplained,otherwise unexplained,true,WB_ATTRwt_WT24,SUPPORT
thick_walls,Unexplained left-ventricular wall thickness / LVH,otherwise_unexplained,otherwise unexplained,true,WB_ATTRwt_WT24,SUPPORT
cardiomyopathy,cardiomyopathy,otherwise_unexplained,otherwise unexplained,true,WB_ATTRwt_WT24,SUPPORT
conduction_disease,"AV block, bundle-branch block, or sinus-node disease",otherwise_unexplained,otherwise unexplained,true,WB_ATTRwt_WT24,SUPPORT
af,Atrial fibrillation or flutter,otherwise_unexplained,otherwise unexplained,true,WB_ATTRwt_WT24,SUPPORT
lumbar_stenosis,Lumbar spinal stenosis,documented_stenosis_indication,documented stenosis indication,true,WB_ATTRwt_WT24,SUPPORT
lumbar_decompression,lumbar decompression,documented_stenosis_indication,documented stenosis indication,true,WB_ATTRwt_WT24,SUPPORT
biceps_rupture,"Spontaneous distal biceps tendon rupture (""Popeye sign"")",spontaneous_or_trivial_trauma,spontaneous or trivial trauma,true,WB_ATTRwt_WT24,SUPPORT
lv_wall_measurement,lv wall measurement,septal_wall_below_12_mm,septal wall below 12 mm,true,WB_ATTRwt_WT24,SUPPORT
lv_mass_index_result,lv mass index result,abnormal_for_body_size_or_sex,abnormal for body size or sex,true,WB_ATTRwt_WT24,CONTEXT
lv_relative_wall_thickness,lv relative wall thickness,abnormal_for_body_size_or_sex,abnormal for body size or sex,true,WB_ATTRwt_WT24,CONTEXT
hf_any,Heart failure (any),otherwise_unexplained,otherwise unexplained,true,WB_ATTRwt_WT25,SUPPORT
hfpef,Heart failure with preserved ejection fraction,otherwise_unexplained,otherwise unexplained,true,WB_ATTRwt_WT25,SUPPORT
thick_walls,Unexplained left-ventricular wall thickness / LVH,otherwise_unexplained,otherwise unexplained,true,WB_ATTRwt_WT25,SUPPORT
cardiomyopathy,cardiomyopathy,otherwise_unexplained,otherwise unexplained,true,WB_ATTRwt_WT25,SUPPORT
conduction_disease,"AV block, bundle-branch block, or sinus-node disease",otherwise_unexplained,otherwise unexplained,true,WB_ATTRwt_WT25,SUPPORT
af,Atrial fibrillation or flutter,otherwise_unexplained,otherwise unexplained,true,WB_ATTRwt_WT25,SUPPORT
mgus,Monoclonal gammopathy of undetermined significance,established_clonal_finding,established clonal finding,true,WB_ATTRwt_WT25,SUPPORT
mgus,Monoclonal gammopathy of undetermined significance,prior_known,prior known,true,WB_ATTRwt_WT25,SUPPORT
plasma_cell_dyscrasia,Plasma-cell dyscrasia / myeloma,established_clonal_finding,established clonal finding,true,WB_ATTRwt_WT25,SUPPORT
plasma_cell_dyscrasia,Plasma-cell dyscrasia / myeloma,prior_known,prior known,true,WB_ATTRwt_WT25,SUPPORT
monoclonal_study_result,monoclonal study result,established_clonal_finding,established clonal finding,true,WB_ATTRwt_WT25,SUPPORT
monoclonal_study_result,monoclonal study result,prior_known,prior known,true,WB_ATTRwt_WT25,SUPPORT
monoclonal_study_result,monoclonal study result,flc_ratio_flagged,flc ratio flagged,true,WB_ATTRwt_WT26,SUPPORT
monoclonal_study_result,monoclonal study result,non_amyloid_indication,non amyloid indication,true,WB_ATTRwt_WT26,SUPPORT
monoclonal_study_result,monoclonal study result,prior_known,prior known,true,WB_ATTRwt_WT26,SUPPORT
egfr_result,egfr result,renal_impairment,renal impairment,true,WB_ATTRwt_WT26,CONTEXT
renal_dysfunction,renal dysfunction,renal_impairment,renal impairment,true,WB_ATTRwt_WT26,CONTEXT
macroglossia,Macroglossia / acquired tongue enlargement,acquired,acquired,true,WB_ATTRwt_WT27,SUPPORT
nephrotic_syndrome,Nephrotic syndrome,otherwise_unexplained,otherwise unexplained,true,WB_ATTRwt_WT27,SUPPORT
nephrotic_range_proteinuria,Nephrotic-range proteinuria,otherwise_unexplained,otherwise unexplained,true,WB_ATTRwt_WT27,SUPPORT
mgus,Monoclonal gammopathy of undetermined significance,established_clonal_finding,established clonal finding,true,WB_ATTRwt_WT27,SUPPORT
mgus,Monoclonal gammopathy of undetermined significance,prior_known,prior known,true,WB_ATTRwt_WT27,SUPPORT
plasma_cell_dyscrasia,Plasma-cell dyscrasia / myeloma,established_clonal_finding,established clonal finding,true,WB_ATTRwt_WT27,SUPPORT
plasma_cell_dyscrasia,Plasma-cell dyscrasia / myeloma,prior_known,prior known,true,WB_ATTRwt_WT27,SUPPORT
monoclonal_study_result,monoclonal study result,established_clonal_finding,established clonal finding,true,WB_ATTRwt_WT27,SUPPORT
monoclonal_study_result,monoclonal study result,prior_known,prior known,true,WB_ATTRwt_WT27,SUPPORT
hypoalbuminemia,Hypoalbuminemia,marked,marked,true,WB_ATTRwt_WT27,SUPPORT
hypoalbuminemia,Hypoalbuminemia,otherwise_unexplained,otherwise unexplained,true,WB_ATTRwt_WT27,SUPPORT
polyneuropathy,Polyneuropathy / peripheral neuropathy,painful,painful,true,WB_ATTRwt_WT28,SUPPORT
polyneuropathy,Polyneuropathy / peripheral neuropathy,prominent,prominent,true,WB_ATTRwt_WT28,SUPPORT
sfn,Small-fiber neuropathy,painful,painful,true,WB_ATTRwt_WT28,SUPPORT
sfn,Small-fiber neuropathy,prominent,prominent,true,WB_ATTRwt_WT28,SUPPORT
neuropathic_pain,"Neuropathic pain (burning feet, dysesthesia, allodynia)",polyneuropathic_distribution,polyneuropathic distribution,true,WB_ATTRwt_WT28,SUPPORT
neuropathic_pain,"Neuropathic pain (burning feet, dysesthesia, allodynia)",prominent,prominent,true,WB_ATTRwt_WT28,SUPPORT
dysautonomia,Autonomic dysfunction / dysautonomia,marked,marked,true,WB_ATTRwt_WT28,SUPPORT
orthostatic,Orthostatic hypotension,marked,marked,true,WB_ATTRwt_WT28,SUPPORT
gi_dysmotility,Unexplained gastrointestinal dysmotility,marked_and_unexplained,marked and unexplained,true,WB_ATTRwt_WT28,SUPPORT
diarrhea,diarrhea,marked_and_unexplained,marked and unexplained,true,WB_ATTRwt_WT28,SUPPORT
constipation,constipation,marked_and_unexplained,marked and unexplained,true,WB_ATTRwt_WT28,SUPPORT
gastroparesis,Gastroparesis / delayed gastric emptying,marked_and_unexplained,marked and unexplained,true,WB_ATTRwt_WT28,SUPPORT
chronic_inflammatory_arthritis,Chronic inflammatory joint disease,established_chronic_inflammatory_driver,established chronic inflammatory driver,true,WB_ATTRwt_WT29,SUPPORT
fmf,Familial Mediterranean fever / periodic fever syndrome,established_chronic_inflammatory_driver,established chronic inflammatory driver,true,WB_ATTRwt_WT29,SUPPORT
autoinflammatory_syndrome,Other chronic autoinflammatory syndrome,established_chronic_inflammatory_driver,established chronic inflammatory driver,true,WB_ATTRwt_WT29,SUPPORT
ibd_inflammatory_driver,Inflammatory bowel disease,established_chronic_inflammatory_driver,established chronic inflammatory driver,true,WB_ATTRwt_WT29,SUPPORT
chronic_infection,Chronic or active infection,established_chronic_inflammatory_driver,established chronic inflammatory driver,true,WB_ATTRwt_WT29,SUPPORT
bronchiectasis,bronchiectasis,established_chronic_inflammatory_driver,established chronic inflammatory driver,true,WB_ATTRwt_WT29,SUPPORT
skin_soft_tissue_infection,skin soft tissue infection,established_chronic_inflammatory_driver,established chronic inflammatory driver,true,WB_ATTRwt_WT29,SUPPORT
abscess,abscess,established_chronic_inflammatory_driver,established chronic inflammatory driver,true,WB_ATTRwt_WT29,SUPPORT
chronic_wound,chronic wound,established_chronic_inflammatory_driver,established chronic inflammatory driver,true,WB_ATTRwt_WT29,SUPPORT
castleman_disease,castleman disease,established_chronic_inflammatory_driver,established chronic inflammatory driver,true,WB_ATTRwt_WT29,SUPPORT
renal_cell_carcinoma,renal cell carcinoma,established_chronic_inflammatory_driver,established chronic inflammatory driver,true,WB_ATTRwt_WT29,SUPPORT
crp_result,crp result,sustained_inflammatory_activity,sustained inflammatory activity,true,WB_ATTRwt_WT29,CONTEXT
esr_result,esr result,sustained_inflammatory_activity,sustained inflammatory activity,true,WB_ATTRwt_WT29,CONTEXT
saa_result,saa result,sustained_inflammatory_activity,sustained inflammatory activity,true,WB_ATTRwt_WT29,CONTEXT
inflammatory_control_assessment,inflammatory control assessment,sustained_inflammatory_activity,sustained inflammatory activity,true,WB_ATTRwt_WT29,CONTEXT
urine_protein_result,urine protein result,heavy_proteinuria,heavy proteinuria,true,WB_ATTRwt_WT29,SUPPORT
nephrotic_range_proteinuria,Nephrotic-range proteinuria,heavy_proteinuria,heavy proteinuria,true,WB_ATTRwt_WT29,SUPPORT
nephrotic_syndrome,Nephrotic syndrome,heavy_proteinuria,heavy proteinuria,true,WB_ATTRwt_WT29,SUPPORT
